SSID,Location,Landmark,Floor,BSSID,Frequency (MHz),Bandwidth (MHz),Signal Strength dBm,Estimated Distance m,Capabilities
KcN,cse conference hall-2,near girls restroom,ground floor,54:07:7d:40:74:88,2462,20,-48,2.43,[WPA2-PSK+FT/PSK-CCMP][RSN-PSK+FT/PSK-CCMP][ESS]
KcN,cse conference hall-2,near girls restroom,ground floor,54:07:7d:54:9c:08,2437,20,-88,245.84,[WPA2-PSK+FT/PSK-CCMP][RSN-PSK+FT/PSK-CCMP][ESS]
KcN,cse conference hall-2,near girls restroom,ground floor,54:07:7d:50:b6:08,2412,20,-78,78.55,[WPA2-PSK+FT/PSK-CCMP][RSN-PSK+FT/PSK-CCMP][ESS]
KcN,cse conference hall-2,near girls restroom,ground floor,54:07:7d:40:74:a8,5280,40,-48,1.13,[WPA2-PSK+FT/PSK-CCMP][RSN-PSK+FT/PSK-CCMP][ESS]
KcN,cse conference hall2 outside,near girls restroom,ground floor,54:07:7d:50:bb:c8,2462,20,-77,68.58,[WPA2-PSK+FT/PSK-CCMP][RSN-PSK+FT/PSK-CCMP][ESS]
KcN,cse conference hall2 outside,near girls restroom,ground floor,54:07:7d:50:bb:e8,5745,40,-88,104.28,[WPA2-PSK+FT/PSK-CCMP][RSN-PSK+FT/PSK-CCMP][ESS]
KcN,cse conference hall2 outside,near girls restroom,ground floor,54:07:7d:40:74:88,2462,20,-45,1.72,[WPA2-PSK+FT/PSK-CCMP][RSN-PSK+FT/PSK-CCMP][ESS]
KcN,cse conference hall2 outside,near girls restroom,ground floor,54:07:7d:54:9c:28,5180,40,-53,2.06,[WPA2-PSK+FT/PSK-CCMP][RSN-PSK+FT/PSK-CCMP][ESS]
KcN,cse conference hall2 outside,near girls restroom,ground floor,54:07:7d:51:91:68,5180,40,-54,2.31,[WPA2-PSK+FT/PSK-CCMP][RSN-PSK+FT/PSK-CCMP][ESS]
KcN,cse conference hall2 outside,near girls restroom,ground floor,54:07:7d:50:b6:28,5180,40,-79,41.04,[WPA2-PSK+FT/PSK-CCMP][RSN-PSK+FT/PSK-CCMP][ESS]
KcN,cse conference hall2 outside,near girls restroom,ground floor,54:07:7d:54:e9:28,5180,40,-83,65.04,[WPA2-PSK+FT/PSK-CCMP][RSN-PSK+FT/PSK-CCMP][ESS]
KcN,cse conference hall2 outside,near girls restroom,ground floor,54:07:7d:3f:7e:08,2462,20,-83,136.84,[WPA2-PSK+FT/PSK-CCMP][RSN-PSK+FT/PSK-CCMP][ESS]
KcN,cse conference hall2 outside,near girls restroom,ground floor,54:07:7d:3f:7e:28,5300,40,-89,126.83,[WPA2-PSK+FT/PSK-CCMP][RSN-PSK+FT/PSK-CCMP][ESS]
KcN,cse conference hall2 outside,near girls restroom,ground floor,54:07:7d:40:74:a8,5280,40,-56,2.85,[WPA2-PSK+FT/PSK-CCMP][RSN-PSK+FT/PSK-CCMP][ESS]
KcN,cse conference hall2 outside,near girls restroom,ground floor,54:07:7d:50:6f:68,5745,40,-89,117.01,[WPA2-PSK+FT/PSK-CCMP][RSN-PSK+FT/PSK-CCMP][ESS]
KcN,cse conference hall2 outside,near girls restroom,ground floor,54:07:7d:54:c1:68,5260,40,-81,50.88,[WPA2-PSK+FT/PSK-CCMP][RSN-PSK+FT/PSK-CCMP][ESS]
KcN,cse conference hall-1 outside,near staff room,ground floor,54:07:7d:50:bb:c8,2462,20,-72,38.57,[WPA2-PSK+FT/PSK-CCMP][RSN-PSK+FT/PSK-CCMP][ESS]
KcN,cse conference hall-1 outside,near staff room,ground floor,54:07:7d:50:bb:e8,5745,40,-87,92.94,[WPA2-PSK+FT/PSK-CCMP][RSN-PSK+FT/PSK-CCMP][ESS]
KcN,cse conference hall-1 outside,near staff room,ground floor,54:07:7d:40:74:88,2462,20,-58,7.7,[WPA2-PSK+FT/PSK-CCMP][RSN-PSK+FT/PSK-CCMP][ESS]
KcN,cse conference hall-1 outside,near staff room,ground floor,54:07:7d:51:91:48,2412,20,-70,31.27,[WPA2-PSK+FT/PSK-CCMP][RSN-PSK+FT/PSK-CCMP][ESS]
KcN,cse conference hall-1 outside,near staff room,ground floor,54:07:7d:54:9c:08,2437,20,-72,38.96,[WPA2-PSK+FT/PSK-CCMP][RSN-PSK+FT/PSK-CCMP][ESS]
KcN,cse conference hall-1 outside,near staff room,ground floor,54:07:7d:54:9c:28,5180,40,-53,2.06,[WPA2-PSK+FT/PSK-CCMP][RSN-PSK+FT/PSK-CCMP][ESS]
KcN,cse conference hall-1 outside,near staff room,ground floor,54:07:7d:51:91:68,5180,40,-83,65.04,[WPA2-PSK+FT/PSK-CCMP][RSN-PSK+FT/PSK-CCMP][ESS]
KcN,cse conference hall-1 outside,near staff room,ground floor,54:07:7d:3f:be:c8,2412,20,-89,278.69,[WPA2-PSK+FT/PSK-CCMP][RSN-PSK+FT/PSK-CCMP][ESS]
KcN,cse conference hall-1 outside,near staff room,ground floor,54:07:7d:51:34:68,5180,40,-83,65.04,[WPA2-PSK+FT/PSK-CCMP][RSN-PSK+FT/PSK-CCMP][ESS]
KcN,cse conference hall-1 outside,near staff room,ground floor,54:07:7d:50:b6:08,2412,20,-80,98.88,[WPA2-PSK+FT/PSK-CCMP][RSN-PSK+FT/PSK-CCMP][ESS]
KcN,cse conference hall-1 outside,near staff room,ground floor,54:07:7d:40:74:a8,5280,40,-82,56.87,[WPA2-PSK+FT/PSK-CCMP][RSN-PSK+FT/PSK-CCMP][ESS]
KcN,cse conference hall-1 outside,near staff room,ground floor,54:07:7d:50:e7:28,5785,40,-89,116.2,[WPA2-PSK+FT/PSK-CCMP][RSN-PSK+FT/PSK-CCMP][ESS]
KcN,cse conference hall-1 outside,near staff room,ground floor,54:07:7d:54:c1:48,2412,20,-71,35.09,[WPA2-PSK+FT/PSK-CCMP][RSN-PSK+FT/PSK-CCMP][ESS]
KcN,cse conference hall-1 outside,near staff room,ground floor,54:07:7d:54:c1:68,5260,40,-74,22.73,[WPA2-PSK+FT/PSK-CCMP][RSN-PSK+FT/PSK-CCMP][ESS]
KcN,cse department office,near hod cabin,ground floor,54:07:7d:3f:a0:c8,2412,20,-57,7,[WPA2-PSK+FT/PSK-CCMP][RSN-PSK+FT/PSK-CCMP][ESS]
KcN,cse department office,near hod cabin,ground floor,54:07:7d:40:bf:a8,5180,40,-88,115.66,[WPA2-PSK+FT/PSK-CCMP][RSN-PSK+FT/PSK-CCMP][ESS]
KcN,cse department office,near hod cabin,ground floor,54:07:7d:3f:a0:e8,5180,40,-89,129.77,[WPA2-PSK+FT/PSK-CCMP][RSN-PSK+FT/PSK-CCMP][ESS]
KcN,cse department office,near hod cabin,ground floor,94:a6:7e:a5:46:68,5785,40,-90,130.38,[WPA2-PSK+FT/PSK-CCMP][RSN-PSK+FT/PSK-CCMP][ESS]
KcN,cse department office,near hod cabin,ground floor,54:07:7d:50:bb:e8,5745,40,-75,23.35,[WPA2-PSK+FT/PSK-CCMP][RSN-PSK+FT/PSK-CCMP][ESS]
KcN,cse department office,near hod cabin,ground floor,54:07:7d:40:74:88,2462,20,-68,24.33,[WPA2-PSK+FT/PSK-CCMP][RSN-PSK+FT/PSK-CCMP][ESS]
KcN,cse department office,near hod cabin,ground floor,54:07:7d:51:42:c8,2412,20,-72,39.37,[WPA2-PSK+FT/PSK-CCMP][RSN-PSK+FT/PSK-CCMP][ESS]
KcN,cse department office,near hod cabin,ground floor,54:07:7d:40:bf:88,2412,20,-68,24.84,[WPA2-PSK+FT/PSK-CCMP][RSN-PSK+FT/PSK-CCMP][ESS]
KcN,cse department office,near hod cabin,ground floor,54:07:7d:54:9c:08,2437,20,-34,0.49,[WPA2-PSK+FT/PSK-CCMP][RSN-PSK+FT/PSK-CCMP][ESS]
KcN,cse department office,near hod cabin,ground floor,54:07:7d:40:9d:68,5765,40,-90,130.83,[WPA2-PSK+FT/PSK-CCMP][RSN-PSK+FT/PSK-CCMP][ESS]
KcN,cse department office,near hod cabin,ground floor,54:07:7d:54:9c:28,5180,40,-32,0.18,[WPA2-PSK+FT/PSK-CCMP][RSN-PSK+FT/PSK-CCMP][ESS]
KcN,cse department office,near hod cabin,ground floor,54:07:7d:3f:be:c8,2412,20,-75,55.61,[WPA2-PSK+FT/PSK-CCMP][RSN-PSK+FT/PSK-CCMP][ESS]
KcN,cse department office,near hod cabin,ground floor,54:07:7d:51:34:68,5180,40,-76,29.05,[WPA2-PSK+FT/PSK-CCMP][RSN-PSK+FT/PSK-CCMP][ESS]
KcN,cse department office,near hod cabin,ground floor,54:07:7d:50:b6:08,2412,20,-92,393.66,[WPA2-PSK+FT/PSK-CCMP][RSN-PSK+FT/PSK-CCMP][ESS]
KcN,cse department office,near hod cabin,ground floor,54:07:7d:50:e7:28,5785,40,-83,58.24,[WPA2-PSK+FT/PSK-CCMP][RSN-PSK+FT/PSK-CCMP][ESS]
KcN,cse department office,near hod cabin,ground floor,54:07:7d:54:c1:48,2412,20,-77,70,[WPA2-PSK+FT/PSK-CCMP][RSN-PSK+FT/PSK-CCMP][ESS]
KcN,cse department office,near hod cabin,ground floor,54:07:7d:50:6f:68,5745,40,-78,32.98,[WPA2-PSK+FT/PSK-CCMP][RSN-PSK+FT/PSK-CCMP][ESS]
KcN,cse department office,near hod cabin,ground floor,54:07:7d:54:c1:68,5260,40,-90,143.39,[WPA2-PSK+FT/PSK-CCMP][RSN-PSK+FT/PSK-CCMP][ESS]
KcN,examination cell,near girls hostel,ground floor,54:07:7d:50:91:c8,2412,20,-87,221.37,[WPA2-PSK+FT/PSK-CCMP][RSN-PSK+FT/PSK-CCMP][ESS]
KcN,examination cell,near girls hostel,ground floor,54:07:7d:40:c7:08,2437,20,-91,347.25,[WPA2-PSK+FT/PSK-CCMP][RSN-PSK+FT/PSK-CCMP][ESS]
KcN,iot outside,near biometric attendence,ground floor,54:07:7d:51:15:a8,5180,40,-61,5.17,[WPA2-PSK+FT/PSK-CCMP][RSN-PSK+FT/PSK-CCMP][ESS]
KcN,iot outside,near biometric attendence,ground floor,54:07:7d:51:09:e8,5220,40,-72,18.19,[WPA2-PSK+FT/PSK-CCMP][RSN-PSK+FT/PSK-CCMP][ESS]
KcN,iot outside,near biometric attendence,ground floor,54:07:7d:50:91:c8,2412,20,-74,49.56,[WPA2-PSK+FT/PSK-CCMP][RSN-PSK+FT/PSK-CCMP][ESS]
KcN,iot outside,near biometric attendence,ground floor,54:07:7d:51:09:c8,2437,20,-74,49.05,[WPA2-PSK+FT/PSK-CCMP][RSN-PSK+FT/PSK-CCMP][ESS]
KcN,iot outside,near biometric attendence,ground floor,54:07:7d:50:b5:a8,5745,40,-65,7.38,[WPA2-PSK+FT/PSK-CCMP][RSN-PSK+FT/PSK-CCMP][ESS]
KcN,iot outside,near biometric attendence,ground floor,54:07:7d:50:91:e8,5745,40,-73,18.54,[WPA2-PSK+FT/PSK-CCMP][RSN-PSK+FT/PSK-CCMP][ESS]
KcN,iot outside,near biometric attendence,ground floor,54:07:7d:51:15:88,2412,20,-68,24.84,[WPA2-PSK+FT/PSK-CCMP][RSN-PSK+FT/PSK-CCMP][ESS]
KcN,iot outside,near biometric attendence,ground floor,54:07:7d:51:7a:88,2462,20,-75,54.48,[WPA2-PSK+FT/PSK-CCMP][RSN-PSK+FT/PSK-CCMP][ESS]
KcN,iot outside,near biometric attendence,ground floor,54:07:7d:50:b5:88,2412,20,-65,17.58,[WPA2-PSK+FT/PSK-CCMP][RSN-PSK+FT/PSK-CCMP][ESS]
KcN,iot outside,near biometric attendence,ground floor,54:07:7d:40:f5:48,2437,20,-81,109.81,[WPA2-PSK+FT/PSK-CCMP][RSN-PSK+FT/PSK-CCMP][ESS]
KcN,iot outside,near biometric attendence,ground floor,54:07:7d:51:7a:a8,5805,40,-64,6.51,[WPA2-PSK+FT/PSK-CCMP][RSN-PSK+FT/PSK-CCMP][ESS]
KcN,iot outside,near biometric attendence,ground floor,54:07:7d:40:c7:28,5220,40,-74,22.9,[WPA2-PSK+FT/PSK-CCMP][RSN-PSK+FT/PSK-CCMP][ESS]
KcN,iot lab inside,near biometric attendence,ground floor,54:07:7d:51:15:a8,5180,40,-76,29.05,[WPA2-PSK+FT/PSK-CCMP][RSN-PSK+FT/PSK-CCMP][ESS]
KcN,iot lab inside,near biometric attendence,ground floor,54:07:7d:50:91:c8,2412,20,-76,62.39,[WPA2-PSK+FT/PSK-CCMP][RSN-PSK+FT/PSK-CCMP][ESS]
KcN,iot lab inside,near biometric attendence,ground floor,54:07:7d:50:b5:a8,5745,40,-70,13.13,[WPA2-PSK+FT/PSK-CCMP][RSN-PSK+FT/PSK-CCMP][ESS]
KcN,iot lab inside,near biometric attendence,ground floor,54:07:7d:51:15:88,2412,20,-87,221.37,[WPA2-PSK+FT/PSK-CCMP][RSN-PSK+FT/PSK-CCMP][ESS]
KcN,iot lab inside,near biometric attendence,ground floor,54:07:7d:50:b5:88,2412,20,-74,49.56,[WPA2-PSK+FT/PSK-CCMP][RSN-PSK+FT/PSK-CCMP][ESS]
KcN,iot lab inside,near biometric attendence,ground floor,54:07:7d:51:7a:a8,5805,40,-59,3.66,[WPA2-PSK+FT/PSK-CCMP][RSN-PSK+FT/PSK-CCMP][ESS]
KcN,iot lab inside,near biometric attendence,ground floor,54:07:7d:40:2d:88,2412,20,-88,248.38,[WPA2-PSK+FT/PSK-CCMP][RSN-PSK+FT/PSK-CCMP][ESS]
KcN,c1,near steps,ground floor,54:07:7d:51:15:a8,5180,40,-59,4.1,[WPA2-PSK+FT/PSK-CCMP][RSN-PSK+FT/PSK-CCMP][ESS]
KcN,c1,near steps,ground floor,54:07:7d:51:01:48,2462,20,-66,19.33,[WPA2-PSK+FT/PSK-CCMP][RSN-PSK+FT/PSK-CCMP][ESS]
KcN,c1,near steps,ground floor,54:07:7d:51:09:e8,5220,40,-64,7.24,[WPA2-PSK+FT/PSK-CCMP][RSN-PSK+FT/PSK-CCMP][ESS]
KcN,c1,near steps,ground floor,54:07:7d:50:91:c8,2412,20,-62,12.45,[WPA2-PSK+FT/PSK-CCMP][RSN-PSK+FT/PSK-CCMP][ESS]
KcN,c1,near steps,ground floor,54:07:7d:50:b5:a8,5745,40,-62,5.23,[WPA2-PSK+FT/PSK-CCMP][RSN-PSK+FT/PSK-CCMP][ESS]
KcN,c1,near steps,ground floor,54:07:7d:51:01:68,5745,40,-71,14.73,[WPA2-PSK+FT/PSK-CCMP][RSN-PSK+FT/PSK-CCMP][ESS]
KcN,c1,near steps,ground floor,54:07:7d:51:15:88,2412,20,-59,8.81,[WPA2-PSK+FT/PSK-CCMP][RSN-PSK+FT/PSK-CCMP][ESS]
KcN,c1,near steps,ground floor,54:07:7d:51:7a:88,2462,20,-82,121.96,[WPA2-PSK+FT/PSK-CCMP][RSN-PSK+FT/PSK-CCMP][ESS]
KcN,c1,near steps,ground floor,54:07:7d:40:c7:08,2437,20,-67,21.91,[WPA2-PSK+FT/PSK-CCMP][RSN-PSK+FT/PSK-CCMP][ESS]
KcN,c1,near steps,ground floor,54:07:7d:40:c7:28,5220,40,-60,4.57,[WPA2-PSK+FT/PSK-CCMP][RSN-PSK+FT/PSK-CCMP][ESS]
KcN,audio and video hub,near network security lab,ground floor,54:07:7d:51:09:e8,5220,40,-70,14.45,[WPA2-PSK+FT/PSK-CCMP][RSN-PSK+FT/PSK-CCMP][ESS]
KcN,audio and video hub,near network security lab,ground floor,54:07:7d:50:91:c8,2412,20,-58,7.85,[WPA2-PSK+FT/PSK-CCMP][RSN-PSK+FT/PSK-CCMP][ESS]
KcN,audio and video hub,near network security lab,ground floor,54:07:7d:51:09:c8,2437,20,-66,19.53,[WPA2-PSK+FT/PSK-CCMP][RSN-PSK+FT/PSK-CCMP][ESS]
KcN,audio and video hub,near network security lab,ground floor,54:07:7d:51:15:88,2412,20,-60,9.89,[WPA2-PSK+FT/PSK-CCMP][RSN-PSK+FT/PSK-CCMP][ESS]
KcN,audio and video hub,near network security lab,ground floor,54:07:7d:50:b5:88,2412,20,-68,24.84,[WPA2-PSK+FT/PSK-CCMP][RSN-PSK+FT/PSK-CCMP][ESS]
KcN,audio and video hub,near network security lab,ground floor,54:07:7d:40:f5:68,5300,40,-73,20.1,[WPA2-PSK+FT/PSK-CCMP][RSN-PSK+FT/PSK-CCMP][ESS]
KcN,audio and video hub,near network security lab,ground floor,54:07:7d:51:7a:a8,5805,40,-77,29.09,[WPA2-PSK+FT/PSK-CCMP][RSN-PSK+FT/PSK-CCMP][ESS]
KcN,audio and video hub,near network security lab,ground floor,54:07:7d:40:c7:08,2437,20,-66,19.53,[WPA2-PSK+FT/PSK-CCMP][RSN-PSK+FT/PSK-CCMP][ESS]
KcN,audio and video hub,near network security lab,ground floor,54:07:7d:40:c7:28,5220,40,-49,1.29,[WPA2-PSK+FT/PSK-CCMP][RSN-PSK+FT/PSK-CCMP][ESS]
KcN,c15,inside,second,54:07:7d:51:15:a8,5180,40,-92,183.3,[WPA2-PSK+FT/PSK-CCMP][RSN-PSK+FT/PSK-CCMP][ESS]
KcN,c15,inside,second,54:07:7d:51:09:e8,5220,40,-70,14.45,[WPA2-PSK+FT/PSK-CCMP][RSN-PSK+FT/PSK-CCMP][ESS]
KcN,c15,inside,second,54:07:7d:50:91:c8,2412,20,-70,31.27,[WPA2-PSK+FT/PSK-CCMP][RSN-PSK+FT/PSK-CCMP][ESS]
KcN,c15,inside,second,54:07:7d:51:09:c8,2437,20,-66,19.53,[WPA2-PSK+FT/PSK-CCMP][RSN-PSK+FT/PSK-CCMP][ESS]
KcN,c15,inside,second,54:07:7d:50:91:e8,5745,40,-87,92.94,[WPA2-PSK+FT/PSK-CCMP][RSN-PSK+FT/PSK-CCMP][ESS]
KcN,c15,inside,second,54:07:7d:51:15:88,2412,20,-85,175.84,[WPA2-PSK+FT/PSK-CCMP][RSN-PSK+FT/PSK-CCMP][ESS]
KcN,c15,inside,second,54:07:7d:40:f5:48,2437,20,-83,138.24,[WPA2-PSK+FT/PSK-CCMP][RSN-PSK+FT/PSK-CCMP][ESS]
KcN,c15,inside,second,54:07:7d:40:c7:08,2437,20,-85,174.04,[WPA2-PSK+FT/PSK-CCMP][RSN-PSK+FT/PSK-CCMP][ESS]
KcN,c15,inside,second,54:07:7d:51:01:48,2462,20,-69,27.3,[WPA2-PSK+FT/PSK-CCMP][RSN-PSK+FT/PSK-CCMP][ESS]
KcN,c15,inside,second,54:07:7d:50:b5:a8,5745,40,-82,52.26,[WPA2-PSK+FT/PSK-CCMP][RSN-PSK+FT/PSK-CCMP][ESS]
KcN,c15,inside,second,54:07:7d:51:01:68,5745,40,-71,14.73,[WPA2-PSK+FT/PSK-CCMP][RSN-PSK+FT/PSK-CCMP][ESS]
KcN,c15,inside,second,54:07:7d:50:b5:88,2412,20,-66,19.73,[WPA2-PSK+FT/PSK-CCMP][RSN-PSK+FT/PSK-CCMP][ESS]
KcN,c15,inside,second,54:07:7d:51:7a:a8,5805,40,-91,145.78,[WPA2-PSK+FT/PSK-CCMP][RSN-PSK+FT/PSK-CCMP][ESS]
KcN,first year entrance,entrance,ground,54:07:7d:51:15:a8,5180,40,-75,25.89,[WPA2-PSK+FT/PSK-CCMP][RSN-PSK+FT/PSK-CCMP][ESS]
KcN,first year entrance,entrance,ground,54:07:7d:51:09:e8,5220,40,-81,51.27,[WPA2-PSK+FT/PSK-CCMP][RSN-PSK+FT/PSK-CCMP][ESS]
KcN,first year entrance,entrance,ground,54:07:7d:50:91:c8,2412,20,-78,78.55,[WPA2-PSK+FT/PSK-CCMP][RSN-PSK+FT/PSK-CCMP][ESS]
KcN,first year entrance,entrance,ground,54:07:7d:51:09:c8,2437,20,-87,219.1,[WPA2-PSK+FT/PSK-CCMP][RSN-PSK+FT/PSK-CCMP][ESS]
KcN,first year entrance,entrance,ground,54:07:7d:51:15:88,2412,20,-61,11.09,[WPA2-PSK+FT/PSK-CCMP][RSN-PSK+FT/PSK-CCMP][ESS]
KcN,first year entrance,entrance,ground,54:07:7d:51:7a:88,2462,20,-89,273.03,[WPA2-PSK+FT/PSK-CCMP][RSN-PSK+FT/PSK-CCMP][ESS]
KcN,first year entrance,entrance,ground,54:07:7d:40:c7:28,5220,40,-78,36.29,[WPA2-PSK+FT/PSK-CCMP][RSN-PSK+FT/PSK-CCMP][ESS]
KcN,first year entrance,entrance,ground,54:07:7d:54:86:68,5180,40,-94,230.77,[WPA2-PSK+FT/PSK-CCMP][RSN-PSK+FT/PSK-CCMP][ESS]
KcN,first year entrance,entrance,ground,54:07:7d:50:b5:a8,5745,40,-78,32.98,[WPA2-PSK+FT/PSK-CCMP][RSN-PSK+FT/PSK-CCMP][ESS]
KcN,first year entrance,entrance,ground,54:07:7d:51:01:68,5745,40,-89,117.01,[WPA2-PSK+FT/PSK-CCMP][RSN-PSK+FT/PSK-CCMP][ESS]
KcN,first year entrance,entrance,ground,54:07:7d:50:b5:88,2412,20,-79,88.13,[WPA2-PSK+FT/PSK-CCMP][RSN-PSK+FT/PSK-CCMP][ESS]
KcN,first year entrance,entrance,ground,54:07:7d:40:2d:88,2412,20,-78,78.55,[WPA2-PSK+FT/PSK-CCMP][RSN-PSK+FT/PSK-CCMP][ESS]
KcN,first year entrance,entrance,ground,54:07:7d:51:15:a8,5180,40,-77,32.6,[WPA2-PSK+FT/PSK-CCMP][RSN-PSK+FT/PSK-CCMP][ESS]
KcN,first year entrance,entrance,ground,54:07:7d:51:09:e8,5220,40,-83,64.54,[WPA2-PSK+FT/PSK-CCMP][RSN-PSK+FT/PSK-CCMP][ESS]
KcN,first year entrance,entrance,ground,54:07:7d:50:91:c8,2412,20,-84,156.72,[WPA2-PSK+FT/PSK-CCMP][RSN-PSK+FT/PSK-CCMP][ESS]
KcN,first year entrance,entrance,ground,54:07:7d:51:09:c8,2437,20,-87,219.1,[WPA2-PSK+FT/PSK-CCMP][RSN-PSK+FT/PSK-CCMP][ESS]
KcN,first year entrance,entrance,ground,54:07:7d:50:91:e8,5745,40,-85,73.83,[WPA2-PSK+FT/PSK-CCMP][RSN-PSK+FT/PSK-CCMP][ESS]
KcN,first year entrance,entrance,ground,54:07:7d:51:15:88,2412,20,-76,62.39,[WPA2-PSK+FT/PSK-CCMP][RSN-PSK+FT/PSK-CCMP][ESS]
KcN,first year entrance,entrance,ground,54:07:7d:51:7a:88,2462,20,-87,216.88,[WPA2-PSK+FT/PSK-CCMP][RSN-PSK+FT/PSK-CCMP][ESS]
KcN,first year entrance,entrance,ground,54:07:7d:40:f5:68,5300,40,-91,159.67,[WPA2-PSK+FT/PSK-CCMP][RSN-PSK+FT/PSK-CCMP][ESS]
KcN,first year entrance,entrance,ground,54:07:7d:40:c7:28,5220,40,-79,40.72,[WPA2-PSK+FT/PSK-CCMP][RSN-PSK+FT/PSK-CCMP][ESS]
KcN,first year entrance,entrance,ground,54:07:7d:51:01:48,2462,20,-77,68.58,[WPA2-PSK+FT/PSK-CCMP][RSN-PSK+FT/PSK-CCMP][ESS]
KcN,first year entrance,entrance,ground,54:07:7d:54:86:48,2437,20,-92,389.62,[WPA2-PSK+FT/PSK-CCMP][RSN-PSK+FT/PSK-CCMP][ESS]
KcN,first year entrance,entrance,ground,54:07:7d:50:b5:a8,5745,40,-82,52.26,[WPA2-PSK+FT/PSK-CCMP][RSN-PSK+FT/PSK-CCMP][ESS]
KcN,first year entrance,entrance,ground,54:07:7d:50:b5:88,2412,20,-71,35.09,[WPA2-PSK+FT/PSK-CCMP][RSN-PSK+FT/PSK-CCMP][ESS]
KcN,first year entrance,entrance,ground,54:07:7d:54:97:48,2462,20,-79,86.34,[WPA2-PSK+FT/PSK-CCMP][RSN-PSK+FT/PSK-CCMP][ESS]
KcN,first year entrance,entrance,ground,54:07:7d:54:97:68,5300,40,-81,50.49,[WPA2-PSK+FT/PSK-CCMP][RSN-PSK+FT/PSK-CCMP][ESS]
KcN,first year entrance,entrance,ground,54:07:7d:40:2d:a8,5805,40,-81,46.1,[WPA2-PSK+FT/PSK-CCMP][RSN-PSK+FT/PSK-CCMP][ESS]
KcN,first year entrance,entrance,ground,54:07:7d:40:2d:88,2412,20,-77,70,[WPA2-PSK+FT/PSK-CCMP][RSN-PSK+FT/PSK-CCMP][ESS]
KcN,first year entrance stairs,middle,ground,54:07:7d:51:15:a8,5180,40,-86,91.87,[WPA2-PSK+FT/PSK-CCMP][RSN-PSK+FT/PSK-CCMP][ESS]
KcN,first year entrance stairs,middle,ground,54:07:7d:50:91:c8,2412,20,-84,156.72,[WPA2-PSK+FT/PSK-CCMP][RSN-PSK+FT/PSK-CCMP][ESS]
KcN,first year entrance stairs,middle,ground,54:07:7d:51:15:88,2412,20,-88,248.38,[WPA2-PSK+FT/PSK-CCMP][RSN-PSK+FT/PSK-CCMP][ESS]
KcN,first year entrance stairs,middle,ground,54:07:7d:40:f2:28,5785,40,-71,14.63,[WPA2-PSK+FT/PSK-CCMP][RSN-PSK+FT/PSK-CCMP][ESS]
KcN,first year entrance stairs,middle,ground,54:07:7d:50:b5:88,2412,20,-86,197.3,[WPA2-PSK+FT/PSK-CCMP][RSN-PSK+FT/PSK-CCMP][ESS]
KcN,first year entrance stairs,middle,ground,54:07:7d:40:2d:a8,5805,40,-68,10.32,[WPA2-PSK+FT/PSK-CCMP][RSN-PSK+FT/PSK-CCMP][ESS]
KcN,first year entrance stairs,middle,ground,54:07:7d:40:2d:88,2412,20,-68,24.84,[WPA2-PSK+FT/PSK-CCMP][RSN-PSK+FT/PSK-CCMP][ESS]
KcN,first year entrance,entrance,ground,54:07:7d:51:15:a8,5180,40,-91,163.37,[WPA2-PSK+FT/PSK-CCMP][RSN-PSK+FT/PSK-CCMP][ESS]
KcN,first year entrance,entrance,ground,54:07:7d:50:91:c8,2412,20,-85,175.84,[WPA2-PSK+FT/PSK-CCMP][RSN-PSK+FT/PSK-CCMP][ESS]
KcN,first year entrance,entrance,ground,54:07:7d:51:15:88,2412,20,-84,156.72,[WPA2-PSK+FT/PSK-CCMP][RSN-PSK+FT/PSK-CCMP][ESS]
KcN,first year entrance,entrance,ground,54:07:7d:54:97:48,2462,20,-82,121.96,[WPA2-PSK+FT/PSK-CCMP][RSN-PSK+FT/PSK-CCMP][ESS]
KcN,first year entrance,entrance,ground,54:07:7d:54:97:68,5300,40,-86,89.79,[WPA2-PSK+FT/PSK-CCMP][RSN-PSK+FT/PSK-CCMP][ESS]
KcN,first year entrance,entrance,ground,54:07:7d:40:2d:a8,5805,40,-83,58.04,[WPA2-PSK+FT/PSK-CCMP][RSN-PSK+FT/PSK-CCMP][ESS]
KcN,principal office cooler,front,ground,54:07:7d:51:09:c8,2437,20,-94,490.51,[WPA2-PSK+FT/PSK-CCMP][RSN-PSK+FT/PSK-CCMP][ESS]
KcN,principal office cooler,front,ground,54:07:7d:51:7a:88,2462,20,-86,193.29,[WPA2-PSK+FT/PSK-CCMP][RSN-PSK+FT/PSK-CCMP][ESS]
KcN,principal office cooler,front,ground,9c:c9:eb:bb:ba:88,2437,20,-80,97.87,[WPA2-PSK+FT/PSK-CCMP][RSN-PSK+FT/PSK-CCMP][ESS]
KcN,principal office cooler,front,ground,54:07:7d:54:86:68,5180,40,-81,51.66,[WPA2-PSK+FT/PSK-CCMP][RSN-PSK+FT/PSK-CCMP][ESS]
KcN,principal office cooler,front,ground,54:07:7d:40:f2:08,2437,20,-88,245.84,[WPA2-PSK+FT/PSK-CCMP][RSN-PSK+FT/PSK-CCMP][ESS]
KcN,principal office cooler,front,ground,54:07:7d:40:f2:28,5785,40,-91,146.28,[WPA2-PSK+FT/PSK-CCMP][RSN-PSK+FT/PSK-CCMP][ESS]
KcN,principal office cooler,front,ground,54:07:7d:54:97:48,2462,20,-72,38.57,[WPA2-PSK+FT/PSK-CCMP][RSN-PSK+FT/PSK-CCMP][ESS]
KcN,principal office cooler,front,ground,54:07:7d:54:97:68,5300,40,-72,17.92,[WPA2-PSK+FT/PSK-CCMP][RSN-PSK+FT/PSK-CCMP][ESS]
KcN,principal office cooler,front,ground,54:07:7d:40:2d:a8,5805,40,-66,8.2,[WPA2-PSK+FT/PSK-CCMP][RSN-PSK+FT/PSK-CCMP][ESS]
KcN,principal office cooler,front,ground,54:07:7d:50:91:c8,2412,20,-90,312.7,[WPA2-PSK+FT/PSK-CCMP][RSN-PSK+FT/PSK-CCMP][ESS]
KcN,principal office cooler,front,ground,9c:c9:eb:bb:ba:88,2437,20,-77,69.29,[WPA2-PSK+FT/PSK-CCMP][RSN-PSK+FT/PSK-CCMP][ESS]
KcN,principal office cooler,front,ground,54:07:7d:54:86:48,2437,20,-84,155.11,[WPA2-PSK+FT/PSK-CCMP][RSN-PSK+FT/PSK-CCMP][ESS]
KcN,principal office cooler,front,ground,54:07:7d:54:86:68,5180,40,-85,81.88,[WPA2-PSK+FT/PSK-CCMP][RSN-PSK+FT/PSK-CCMP][ESS]
KcN,principal office cooler,front,ground,54:07:7d:50:b5:88,2412,20,-85,175.84,[WPA2-PSK+FT/PSK-CCMP][RSN-PSK+FT/PSK-CCMP][ESS]
KcN,principal office cooler,front,ground,54:07:7d:40:2d:a8,5805,40,-68,10.32,[WPA2-PSK+FT/PSK-CCMP][RSN-PSK+FT/PSK-CCMP][ESS]
KcN,principal office cooler,front,ground,54:07:7d:40:2d:88,2412,20,-68,24.84,[WPA2-PSK+FT/PSK-CCMP][RSN-PSK+FT/PSK-CCMP][ESS]
KcN,iot lab outside,outside,ground,54:07:7d:51:15:a8,5180,40,-74,23.08,[WPA2-PSK+FT/PSK-CCMP][RSN-PSK+FT/PSK-CCMP][ESS]
KcN,iot lab outside,outside,ground,54:07:7d:50:91:c8,2412,20,-74,49.56,[WPA2-PSK+FT/PSK-CCMP][RSN-PSK+FT/PSK-CCMP][ESS]
KcN,iot lab outside,outside,ground,54:07:7d:51:09:c8,2437,20,-70,30.95,[WPA2-PSK+FT/PSK-CCMP][RSN-PSK+FT/PSK-CCMP][ESS]
KcN,iot lab outside,outside,ground,54:07:7d:50:91:e8,5745,40,-89,117.01,[WPA2-PSK+FT/PSK-CCMP][RSN-PSK+FT/PSK-CCMP][ESS]
KcN,iot lab outside,outside,ground,54:07:7d:51:15:88,2412,20,-76,62.39,[WPA2-PSK+FT/PSK-CCMP][RSN-PSK+FT/PSK-CCMP][ESS]
KcN,iot lab outside,outside,ground,54:07:7d:40:f5:48,2437,20,-79,87.23,[WPA2-PSK+FT/PSK-CCMP][RSN-PSK+FT/PSK-CCMP][ESS]
KcN,iot lab outside,outside,ground,54:07:7d:40:c7:08,2437,20,-82,123.21,[WPA2-PSK+FT/PSK-CCMP][RSN-PSK+FT/PSK-CCMP][ESS]
KcN,iot lab outside,outside,ground,54:07:7d:40:c7:28,5220,40,-85,81.25,[WPA2-PSK+FT/PSK-CCMP][RSN-PSK+FT/PSK-CCMP][ESS]
KcN,iot lab outside,outside,ground,54:07:7d:51:01:48,2462,20,-87,216.88,[WPA2-PSK+FT/PSK-CCMP][RSN-PSK+FT/PSK-CCMP][ESS]
KcN,iot lab outside,outside,ground,54:07:7d:50:b5:a8,5745,40,-74,20.81,[WPA2-PSK+FT/PSK-CCMP][RSN-PSK+FT/PSK-CCMP][ESS]
KcN,iot lab outside,outside,ground,54:07:7d:50:b5:88,2412,20,-69,27.87,[WPA2-PSK+FT/PSK-CCMP][RSN-PSK+FT/PSK-CCMP][ESS]
KcN,iot lab outside,outside,ground,54:07:7d:51:7a:a8,5805,40,-75,23.1,[WPA2-PSK+FT/PSK-CCMP][RSN-PSK+FT/PSK-CCMP][ESS]
KcN,iot lab outside,outside,ground,54:07:7d:40:2d:a8,5805,40,-91,145.78,[WPA2-PSK+FT/PSK-CCMP][RSN-PSK+FT/PSK-CCMP][ESS]
KcN,iot lab outside,outside,ground,54:07:7d:40:2d:88,2412,20,-84,156.72,[WPA2-PSK+FT/PSK-CCMP][RSN-PSK+FT/PSK-CCMP][ESS]
KcN,iot lab outside,outside,ground,54:07:7d:51:15:a8,5180,40,-69,12.98,[WPA2-PSK+FT/PSK-CCMP][RSN-PSK+FT/PSK-CCMP][ESS]
KcN,iot lab outside,outside,ground,54:07:7d:51:09:e8,5220,40,-76,28.83,[WPA2-PSK+FT/PSK-CCMP][RSN-PSK+FT/PSK-CCMP][ESS]
KcN,iot lab outside,outside,ground,54:07:7d:50:91:e8,5745,40,-82,52.26,[WPA2-PSK+FT/PSK-CCMP][RSN-PSK+FT/PSK-CCMP][ESS]
KcN,iot lab outside,outside,ground,54:07:7d:51:7a:88,2462,20,-72,38.57,[WPA2-PSK+FT/PSK-CCMP][RSN-PSK+FT/PSK-CCMP][ESS]
KcN,iot lab outside,outside,ground,54:07:7d:40:c7:28,5220,40,-77,32.35,[WPA2-PSK+FT/PSK-CCMP][RSN-PSK+FT/PSK-CCMP][ESS]
KcN,iot lab outside,outside,ground,54:07:7d:51:01:48,2462,20,-77,68.58,[WPA2-PSK+FT/PSK-CCMP][RSN-PSK+FT/PSK-CCMP][ESS]
KcN,iot lab outside,outside,ground,54:07:7d:50:b5:a8,5745,40,-61,4.66,[WPA2-PSK+FT/PSK-CCMP][RSN-PSK+FT/PSK-CCMP][ESS]
KcN,iot lab outside,outside,ground,54:07:7d:51:01:68,5745,40,-83,58.64,[WPA2-PSK+FT/PSK-CCMP][RSN-PSK+FT/PSK-CCMP][ESS]
KcN,iot lab outside,outside,ground,54:07:7d:50:b5:88,2412,20,-46,1.97,[WPA2-PSK+FT/PSK-CCMP][RSN-PSK+FT/PSK-CCMP][ESS]
KcN,iot lab outside,outside,ground,54:07:7d:51:7a:a8,5805,40,-70,12.99,[WPA2-PSK+FT/PSK-CCMP][RSN-PSK+FT/PSK-CCMP][ESS]
KcN,iot lab outside,outside,ground,54:07:7d:54:97:48,2462,20,-94,485.53,[WPA2-PSK+FT/PSK-CCMP][RSN-PSK+FT/PSK-CCMP][ESS]
KcN,rohinipriya mam cabin,inside,ground,54:07:7d:54:9c:08,2437,20,-87,219.1,[WPA2-PSK+FT/PSK-CCMP][RSN-PSK+FT/PSK-CCMP][ESS]
KcN,rohinipriya mam cabin,inside,ground,54:07:7d:50:6f:48,2462,20,-97,685.82,[WPA2-PSK+FT/PSK-CCMP][RSN-PSK+FT/PSK-CCMP][ESS]
KcN,rohinipriya mam cabin,inside,ground,54:07:7d:50:e7:08,2437,20,-76,61.75,[WPA2-PSK+FT/PSK-CCMP][RSN-PSK+FT/PSK-CCMP][ESS]
KcN,rohinipriya mam cabin,inside,ground,54:07:7d:54:c1:48,2412,20,-67,22.14,[WPA2-PSK+FT/PSK-CCMP][RSN-PSK+FT/PSK-CCMP][ESS]
KcN,rohinipriya mam cabin,inside,ground,54:07:7d:54:c1:68,5260,40,-89,127.8,[WPA2-PSK+FT/PSK-CCMP][RSN-PSK+FT/PSK-CCMP][ESS]
KcN,rohinpriya mam cabin,inside,ground,54:07:7d:50:e7:08,2437,20,-72,38.96,[WPA2-PSK+FT/PSK-CCMP][RSN-PSK+FT/PSK-CCMP][ESS]
KcN,rohinpriya mam cabin,inside,ground,54:07:7d:54:c1:48,2412,20,-81,110.95,[WPA2-PSK+FT/PSK-CCMP][RSN-PSK+FT/PSK-CCMP][ESS]
KcN,rohinpriya mam cabin,outside,ground,54:07:7d:50:e7:08,2437,20,-72,38.96,[WPA2-PSK+FT/PSK-CCMP][RSN-PSK+FT/PSK-CCMP][ESS]
KcN,rohinpriya mam cabin,outside,ground,54:07:7d:54:c1:48,2412,20,-81,110.95,[WPA2-PSK+FT/PSK-CCMP][RSN-PSK+FT/PSK-CCMP][ESS]
KcN,ramyamam cabin outside,outside,ground,54:07:7d:3f:a0:c8,2412,20,-78,78.55,[WPA2-PSK+FT/PSK-CCMP][RSN-PSK+FT/PSK-CCMP][ESS]
KcN,ramyamam cabin outside,outside,ground,54:07:7d:50:bb:c8,2462,20,-62,12.2,[WPA2-PSK+FT/PSK-CCMP][RSN-PSK+FT/PSK-CCMP][ESS]
KcN,ramyamam cabin outside,outside,ground,54:07:7d:40:bf:a8,5180,40,-85,81.88,[WPA2-PSK+FT/PSK-CCMP][RSN-PSK+FT/PSK-CCMP][ESS]
KcN,ramyamam cabin outside,outside,ground,54:07:7d:50:bb:e8,5745,40,-88,104.28,[WPA2-PSK+FT/PSK-CCMP][RSN-PSK+FT/PSK-CCMP][ESS]
KcN,ramyamam cabin outside,outside,ground,54:07:7d:51:42:c8,2412,20,-80,98.88,[WPA2-PSK+FT/PSK-CCMP][RSN-PSK+FT/PSK-CCMP][ESS]
KcN,ramyamam cabin outside,outside,ground,54:07:7d:51:42:e8,5180,40,-92,183.3,[WPA2-PSK+FT/PSK-CCMP][RSN-PSK+FT/PSK-CCMP][ESS]
KcN,ramyamam cabin outside,outside,ground,54:07:7d:40:bf:88,2412,20,-77,70,[WPA2-PSK+FT/PSK-CCMP][RSN-PSK+FT/PSK-CCMP][ESS]
KcN,ramyamam cabin outside,outside,ground,54:07:7d:54:9c:08,2437,20,-60,9.79,[WPA2-PSK+FT/PSK-CCMP][RSN-PSK+FT/PSK-CCMP][ESS]
KcN,ramyamam cabin outside,outside,ground,54:07:7d:54:9c:28,5180,40,-46,0.92,[WPA2-PSK+FT/PSK-CCMP][RSN-PSK+FT/PSK-CCMP][ESS]
KcN,ramyamam cabin outside,outside,ground,54:07:7d:3f:be:c8,2412,20,-81,110.95,[WPA2-PSK+FT/PSK-CCMP][RSN-PSK+FT/PSK-CCMP][ESS]
KcN,ramyamam cabin outside,outside,ground,54:07:7d:51:34:68,5180,40,-79,41.04,[WPA2-PSK+FT/PSK-CCMP][RSN-PSK+FT/PSK-CCMP][ESS]
KcN,ramyamam cabin outside,outside,ground,54:07:7d:50:93:28,5180,40,-91,163.37,[WPA2-PSK+FT/PSK-CCMP][RSN-PSK+FT/PSK-CCMP][ESS]
KcN,ramyamam cabin outside,outside,ground,54:07:7d:51:34:48,2462,20,-80,96.88,[WPA2-PSK+FT/PSK-CCMP][RSN-PSK+FT/PSK-CCMP][ESS]
KcN,ramyamam cabin outside,outside,ground,54:07:7d:40:74:a8,5280,40,-92,179.83,[WPA2-PSK+FT/PSK-CCMP][RSN-PSK+FT/PSK-CCMP][ESS]
KcN,ramyamam cabin outside,outside,ground,54:07:7d:54:f5:88,2462,20,-92,385.67,[WPA2-PSK+FT/PSK-CCMP][RSN-PSK+FT/PSK-CCMP][ESS]
KcN,ramyamam cabin outside,outside,ground,54:07:7d:50:6f:48,2462,20,-83,136.84,[WPA2-PSK+FT/PSK-CCMP][RSN-PSK+FT/PSK-CCMP][ESS]
KcN,ramyamam cabin outside,outside,ground,54:07:7d:50:e7:28,5785,40,-80,41.23,[WPA2-PSK+FT/PSK-CCMP][RSN-PSK+FT/PSK-CCMP][ESS]
KcN,ramyamam cabin outside,outside,ground,54:07:7d:50:e7:08,2437,20,-74,49.05,[WPA2-PSK+FT/PSK-CCMP][RSN-PSK+FT/PSK-CCMP][ESS]
KcN,ramyamam cabin outside,outside,ground,54:07:7d:54:c1:48,2412,20,-61,11.09,[WPA2-PSK+FT/PSK-CCMP][RSN-PSK+FT/PSK-CCMP][ESS]
KcN,ramyamam cabin outside,outside,ground,54:07:7d:50:6f:68,5745,40,-71,14.73,[WPA2-PSK+FT/PSK-CCMP][RSN-PSK+FT/PSK-CCMP][ESS]
KcN,ramyamam cabin outside,outside,ground,54:07:7d:54:c1:68,5260,40,-68,11.39,[WPA2-PSK+FT/PSK-CCMP][RSN-PSK+FT/PSK-CCMP][ESS]
KcN,bmkv sir cabin outside,outside,ground,54:07:7d:50:bb:c8,2462,20,-73,43.27,[WPA2-PSK+FT/PSK-CCMP][RSN-PSK+FT/PSK-CCMP][ESS]
KcN,bmkv sir cabin outside,outside,ground,54:07:7d:40:74:88,2462,20,-78,76.95,[WPA2-PSK+FT/PSK-CCMP][RSN-PSK+FT/PSK-CCMP][ESS]
KcN,bmkv sir cabin outside,outside,ground,54:07:7d:51:42:c8,2412,20,-87,221.37,[WPA2-PSK+FT/PSK-CCMP][RSN-PSK+FT/PSK-CCMP][ESS]
KcN,bmkv sir cabin outside,outside,ground,54:07:7d:54:9c:08,2437,20,-69,27.58,[WPA2-PSK+FT/PSK-CCMP][RSN-PSK+FT/PSK-CCMP][ESS]
KcN,bmkv sir cabin outside,outside,ground,54:07:7d:54:9c:28,5180,40,-67,10.31,[WPA2-PSK+FT/PSK-CCMP][RSN-PSK+FT/PSK-CCMP][ESS]
KcN,bmkv sir cabin outside,outside,ground,54:07:7d:40:74:a8,5280,40,-66,9.01,[WPA2-PSK+FT/PSK-CCMP][RSN-PSK+FT/PSK-CCMP][ESS]
KcN,bmkv sir cabin outside,outside,ground,54:07:7d:51:91:48,2412,20,-70,31.27,[WPA2-PSK+FT/PSK-CCMP][RSN-PSK+FT/PSK-CCMP][ESS]
KcN,bmkv sir cabin outside,outside,ground,54:07:7d:51:91:68,5180,40,-74,23.08,[WPA2-PSK+FT/PSK-CCMP][RSN-PSK+FT/PSK-CCMP][ESS]
KcN,bmkv sir cabin outside,outside,ground,54:07:7d:50:b6:28,5180,40,-85,81.88,[WPA2-PSK+FT/PSK-CCMP][RSN-PSK+FT/PSK-CCMP][ESS]
KcN,bmkv sir cabin outside,outside,ground,54:07:7d:50:b6:08,2412,20,-86,197.3,[WPA2-PSK+FT/PSK-CCMP][RSN-PSK+FT/PSK-CCMP][ESS]
KcN,bmkv sir cabin outside,outside,ground,54:07:7d:50:6f:48,2462,20,-91,343.73,[WPA2-PSK+FT/PSK-CCMP][RSN-PSK+FT/PSK-CCMP][ESS]
KcN,bmkv sir cabin outside,outside,ground,54:07:7d:50:e7:08,2437,20,-75,55.04,[WPA2-PSK+FT/PSK-CCMP][RSN-PSK+FT/PSK-CCMP][ESS]
KcN,bmkv sir cabin outside,outside,ground,54:07:7d:54:c1:48,2412,20,-72,39.37,[WPA2-PSK+FT/PSK-CCMP][RSN-PSK+FT/PSK-CCMP][ESS]
KcN,bmkv sir cabin outside,outside,ground,54:07:7d:54:c1:68,5260,40,-89,127.8,[WPA2-PSK+FT/PSK-CCMP][RSN-PSK+FT/PSK-CCMP][ESS]
KcN,bmkvsir cabin outside,outside,ground,54:07:7d:40:74:88,2462,20,-77,68.58,[WPA2-PSK+FT/PSK-CCMP][RSN-PSK+FT/PSK-CCMP][ESS]
KcN,bmkvsir cabin outside,outside,ground,54:07:7d:54:9c:08,2437,20,-58,7.77,[WPA2-PSK+FT/PSK-CCMP][RSN-PSK+FT/PSK-CCMP][ESS]
KcN,bmkvsir cabin outside,outside,ground,54:07:7d:54:9c:28,5180,40,-51,1.63,[WPA2-PSK+FT/PSK-CCMP][RSN-PSK+FT/PSK-CCMP][ESS]
KcN,bmkvsir cabin outside,outside,ground,54:07:7d:51:34:68,5180,40,-94,230.77,[WPA2-PSK+FT/PSK-CCMP][RSN-PSK+FT/PSK-CCMP][ESS]
KcN,bmkvsir cabin outside,outside,ground,54:07:7d:40:74:a8,5280,40,-87,101.13,[WPA2-PSK+FT/PSK-CCMP][RSN-PSK+FT/PSK-CCMP][ESS]
KcN,bmkvsir cabin outside,outside,ground,54:07:7d:54:e9:08,2412,20,-88,248.38,[WPA2-PSK+FT/PSK-CCMP][RSN-PSK+FT/PSK-CCMP][ESS]
KcN,bmkvsir cabin outside,outside,ground,54:07:7d:51:91:48,2412,20,-77,70,[WPA2-PSK+FT/PSK-CCMP][RSN-PSK+FT/PSK-CCMP][ESS]
KcN,bmkvsir cabin outside,outside,ground,54:07:7d:51:91:68,5180,40,-81,51.66,[WPA2-PSK+FT/PSK-CCMP][RSN-PSK+FT/PSK-CCMP][ESS]
KcN,bmkvsir cabin outside,outside,ground,54:07:7d:50:e7:08,2437,20,-81,109.81,[WPA2-PSK+FT/PSK-CCMP][RSN-PSK+FT/PSK-CCMP][ESS]
KcN,bmkvsir cabin outside,outside,ground,54:07:7d:54:c1:48,2412,20,-77,70,[WPA2-PSK+FT/PSK-CCMP][RSN-PSK+FT/PSK-CCMP][ESS]
KcN,bmkvsir cabin outside,outside,ground,54:07:7d:54:c1:68,5260,40,-79,40.41,[WPA2-PSK+FT/PSK-CCMP][RSN-PSK+FT/PSK-CCMP][ESS]
KcN,D1 outside,outside,ground,54:07:7d:40:bf:a8,5180,40,-94,230.77,[WPA2-PSK+FT/PSK-CCMP][RSN-PSK+FT/PSK-CCMP][ESS]
KcN,D1 outside,outside,ground,54:07:7d:54:9c:08,2437,20,-67,21.91,[WPA2-PSK+FT/PSK-CCMP][RSN-PSK+FT/PSK-CCMP][ESS]
KcN,D1 outside,outside,ground,54:07:7d:54:9c:28,5180,40,-77,32.6,[WPA2-PSK+FT/PSK-CCMP][RSN-PSK+FT/PSK-CCMP][ESS]
KcN,D1 outside,outside,ground,54:07:7d:50:93:08,2412,20,-78,78.55,[WPA2-PSK+FT/PSK-CCMP][RSN-PSK+FT/PSK-CCMP][ESS]
KcN,D1 outside,outside,ground,54:07:7d:51:34:68,5180,40,-82,57.97,[WPA2-PSK+FT/PSK-CCMP][RSN-PSK+FT/PSK-CCMP][ESS]
KcN,D1 outside,outside,ground,54:07:7d:40:c7:08,2437,20,-89,275.83,[WPA2-PSK+FT/PSK-CCMP][RSN-PSK+FT/PSK-CCMP][ESS]
KcN,D1 outside,outside,ground,54:07:7d:40:c7:28,5220,40,-94,229,[WPA2-PSK+FT/PSK-CCMP][RSN-PSK+FT/PSK-CCMP][ESS]
KcN,D1 outside,outside,ground,54:07:7d:54:c1:48,2412,20,-76,62.39,[WPA2-PSK+FT/PSK-CCMP][RSN-PSK+FT/PSK-CCMP][ESS]
KcN,D1 outside,outside,ground,54:07:7d:50:6f:68,5745,40,-52,1.65,[WPA2-PSK+FT/PSK-CCMP][RSN-PSK+FT/PSK-CCMP][ESS]
KcN,D1 outside,outside,ground,54:07:7d:3f:a0:c8,2412,20,-94,495.59,[WPA2-PSK+FT/PSK-CCMP][RSN-PSK+FT/PSK-CCMP][ESS]
KcN,D1 outside,outside,ground,54:07:7d:50:bb:c8,2462,20,-96,611.24,[WPA2-PSK+FT/PSK-CCMP][RSN-PSK+FT/PSK-CCMP][ESS]
KcN,D1 outside,outside,ground,54:07:7d:40:bf:88,2412,20,-82,124.49,[WPA2-PSK+FT/PSK-CCMP][RSN-PSK+FT/PSK-CCMP][ESS]
KcN,D1 outside,outside,ground,54:07:7d:54:9c:08,2437,20,-85,174.04,[WPA2-PSK+FT/PSK-CCMP][RSN-PSK+FT/PSK-CCMP][ESS]
KcN,D1 outside,outside,ground,54:07:7d:54:9c:28,5180,40,-88,115.66,[WPA2-PSK+FT/PSK-CCMP][RSN-PSK+FT/PSK-CCMP][ESS]
KcN,D1 outside,outside,ground,54:07:7d:50:93:08,2412,20,-89,278.69,[WPA2-PSK+FT/PSK-CCMP][RSN-PSK+FT/PSK-CCMP][ESS]
KcN,D1 outside,outside,ground,54:07:7d:51:34:48,2462,20,-82,121.96,[WPA2-PSK+FT/PSK-CCMP][RSN-PSK+FT/PSK-CCMP][ESS]
KcN,D1 outside,outside,ground,54:07:7d:40:c7:08,2437,20,-82,123.21,[WPA2-PSK+FT/PSK-CCMP][RSN-PSK+FT/PSK-CCMP][ESS]
KcN,D1 outside,outside,ground,54:07:7d:51:91:48,2412,20,-92,393.66,[WPA2-PSK+FT/PSK-CCMP][RSN-PSK+FT/PSK-CCMP][ESS]
KcN,D1 outside,outside,ground,54:07:7d:50:6f:48,2462,20,-72,38.57,[WPA2-PSK+FT/PSK-CCMP][RSN-PSK+FT/PSK-CCMP][ESS]
KcN,D1 outside,outside,ground,54:07:7d:54:c1:48,2412,20,-85,175.84,[WPA2-PSK+FT/PSK-CCMP][RSN-PSK+FT/PSK-CCMP][ESS]
KcN,D1 outside,outside,ground,54:07:7d:50:6f:68,5745,40,-69,11.7,[WPA2-PSK+FT/PSK-CCMP][RSN-PSK+FT/PSK-CCMP][ESS]
KcN,d2 outside,outside,ground,54:07:7d:3f:a0:c8,2412,20,-88,248.38,[WPA2-PSK+FT/PSK-CCMP][RSN-PSK+FT/PSK-CCMP][ESS]
KcN,d2 outside,outside,ground,54:07:7d:3f:a0:e8,5180,40,-89,129.77,[WPA2-PSK+FT/PSK-CCMP][RSN-PSK+FT/PSK-CCMP][ESS]
KcN,d2 outside,outside,ground,54:07:7d:50:bb:c8,2462,20,-94,485.53,[WPA2-PSK+FT/PSK-CCMP][RSN-PSK+FT/PSK-CCMP][ESS]
KcN,d2 outside,outside,ground,54:07:7d:40:bf:a8,5180,40,-94,230.77,[WPA2-PSK+FT/PSK-CCMP][RSN-PSK+FT/PSK-CCMP][ESS]
KcN,d2 outside,outside,ground,54:07:7d:50:bb:e8,5745,40,-87,92.94,[WPA2-PSK+FT/PSK-CCMP][RSN-PSK+FT/PSK-CCMP][ESS]
KcN,d2 outside,outside,ground,54:07:7d:51:42:c8,2412,20,-94,495.59,[WPA2-PSK+FT/PSK-CCMP][RSN-PSK+FT/PSK-CCMP][ESS]
KcN,d2 outside,outside,ground,54:07:7d:40:bf:88,2412,20,-73,44.17,[WPA2-PSK+FT/PSK-CCMP][RSN-PSK+FT/PSK-CCMP][ESS]
KcN,d2 outside,outside,ground,54:07:7d:54:9c:08,2437,20,-70,30.95,[WPA2-PSK+FT/PSK-CCMP][RSN-PSK+FT/PSK-CCMP][ESS]
KcN,d2 outside,outside,ground,54:07:7d:54:9c:28,5180,40,-76,29.05,[WPA2-PSK+FT/PSK-CCMP][RSN-PSK+FT/PSK-CCMP][ESS]
KcN,d2 outside,outside,ground,54:07:7d:51:34:68,5180,40,-77,32.6,[WPA2-PSK+FT/PSK-CCMP][RSN-PSK+FT/PSK-CCMP][ESS]
KcN,d2 outside,outside,ground,54:07:7d:51:34:48,2462,20,-72,38.57,[WPA2-PSK+FT/PSK-CCMP][RSN-PSK+FT/PSK-CCMP][ESS]
KcN,d2 outside,outside,ground,54:07:7d:50:6f:48,2462,20,-61,10.87,[WPA2-PSK+FT/PSK-CCMP][RSN-PSK+FT/PSK-CCMP][ESS]
KcN,d2 outside,outside,ground,54:07:7d:54:c1:48,2412,20,-81,110.95,[WPA2-PSK+FT/PSK-CCMP][RSN-PSK+FT/PSK-CCMP][ESS]
KcN,d2 outside,outside,ground,54:07:7d:50:6f:68,5745,40,-43,0.59,[WPA2-PSK+FT/PSK-CCMP][RSN-PSK+FT/PSK-CCMP][ESS]
KcN,d2 outside,outside,ground,54:07:7d:3f:a0:c8,2412,20,-83,139.68,[WPA2-PSK+FT/PSK-CCMP][RSN-PSK+FT/PSK-CCMP][ESS]
KcN,d2 outside,outside,ground,54:07:7d:3f:a0:e8,5180,40,-89,129.77,[WPA2-PSK+FT/PSK-CCMP][RSN-PSK+FT/PSK-CCMP][ESS]
KcN,d2 outside,outside,ground,54:07:7d:50:bb:e8,5745,40,-78,32.98,[WPA2-PSK+FT/PSK-CCMP][RSN-PSK+FT/PSK-CCMP][ESS]
KcN,d2 outside,outside,ground,54:07:7d:51:42:e8,5180,40,-86,91.87,[WPA2-PSK+FT/PSK-CCMP][RSN-PSK+FT/PSK-CCMP][ESS]
KcN,d2 outside,outside,ground,54:07:7d:40:bf:88,2412,20,-63,13.97,[WPA2-PSK+FT/PSK-CCMP][RSN-PSK+FT/PSK-CCMP][ESS]
KcN,d2 outside,outside,ground,54:07:7d:54:9c:08,2437,20,-74,49.05,[WPA2-PSK+FT/PSK-CCMP][RSN-PSK+FT/PSK-CCMP][ESS]
KcN,d2 outside,outside,ground,54:07:7d:54:9c:28,5180,40,-76,29.05,[WPA2-PSK+FT/PSK-CCMP][RSN-PSK+FT/PSK-CCMP][ESS]
KcN,d2 outside,outside,ground,54:07:7d:50:93:08,2412,20,-75,55.61,[WPA2-PSK+FT/PSK-CCMP][RSN-PSK+FT/PSK-CCMP][ESS]
KcN,d2 outside,outside,ground,54:07:7d:50:93:28,5180,40,-84,72.97,[WPA2-PSK+FT/PSK-CCMP][RSN-PSK+FT/PSK-CCMP][ESS]
KcN,d2 outside,outside,ground,54:07:7d:51:34:48,2462,20,-56,6.11,[WPA2-PSK+FT/PSK-CCMP][RSN-PSK+FT/PSK-CCMP][ESS]
KcN,d2 outside,outside,ground,54:07:7d:54:f5:88,2462,20,-84,153.54,[WPA2-PSK+FT/PSK-CCMP][RSN-PSK+FT/PSK-CCMP][ESS]
KcN,d2 outside,outside,ground,54:07:7d:50:6f:48,2462,20,-44,1.54,[WPA2-PSK+FT/PSK-CCMP][RSN-PSK+FT/PSK-CCMP][ESS]
KcN,d2 outside,outside,ground,54:07:7d:50:e7:28,5785,40,-78,32.75,[WPA2-PSK+FT/PSK-CCMP][RSN-PSK+FT/PSK-CCMP][ESS]
KcN,d2 outside,outside,ground,54:07:7d:54:c1:48,2412,20,-69,27.87,[WPA2-PSK+FT/PSK-CCMP][RSN-PSK+FT/PSK-CCMP][ESS]
KcN,d2 outside,outside,ground,54:07:7d:50:6f:68,5745,40,-53,1.85,[WPA2-PSK+FT/PSK-CCMP][RSN-PSK+FT/PSK-CCMP][ESS]
KcN,Asir sir cabin,outside,ground,54:07:7d:54:9c:08,2437,20,-89,275.83,[WPA2-PSK+FT/PSK-CCMP][RSN-PSK+FT/PSK-CCMP][ESS]
KcN,Asir sir cabin,outside,ground,54:07:7d:54:9c:28,5180,40,-89,129.77,[WPA2-PSK+FT/PSK-CCMP][RSN-PSK+FT/PSK-CCMP][ESS]
KcN,Asir sir cabin,outside,ground,54:07:7d:51:34:48,2462,20,-87,216.88,[WPA2-PSK+FT/PSK-CCMP][RSN-PSK+FT/PSK-CCMP][ESS]
KcN,Asir sir cabin,outside,ground,54:07:7d:50:6f:48,2462,20,-78,76.95,[WPA2-PSK+FT/PSK-CCMP][RSN-PSK+FT/PSK-CCMP][ESS]
KcN,Asir sir cabin,outside,ground,54:07:7d:50:e7:08,2437,20,-94,490.51,[WPA2-PSK+FT/PSK-CCMP][RSN-PSK+FT/PSK-CCMP][ESS]
KcN,Asir sir cabin,outside,ground,54:07:7d:54:c1:48,2412,20,-79,88.13,[WPA2-PSK+FT/PSK-CCMP][RSN-PSK+FT/PSK-CCMP][ESS]
KcN,Asir sir cabin,outside,ground,54:07:7d:54:c1:68,5260,40,-83,64.05,[WPA2-PSK+FT/PSK-CCMP][RSN-PSK+FT/PSK-CCMP][ESS]
KcN,Asir sir cabin,outside,ground,54:07:7d:3f:a0:c8,2412,20,-93,441.7,[WPA2-PSK+FT/PSK-CCMP][RSN-PSK+FT/PSK-CCMP][ESS]
KcN,Asir sir cabin,outside,ground,54:07:7d:50:bb:e8,5745,40,-86,82.83,[WPA2-PSK+FT/PSK-CCMP][RSN-PSK+FT/PSK-CCMP][ESS]
KcN,Asir sir cabin,outside,ground,54:07:7d:40:bf:88,2412,20,-89,278.69,[WPA2-PSK+FT/PSK-CCMP][RSN-PSK+FT/PSK-CCMP][ESS]
KcN,Asir sir cabin,outside,ground,54:07:7d:3f:be:c8,2412,20,-95,556.06,[WPA2-PSK+FT/PSK-CCMP][RSN-PSK+FT/PSK-CCMP][ESS]
KcN,Asir sir cabin,outside,ground,54:07:7d:50:93:08,2412,20,-85,175.84,[WPA2-PSK+FT/PSK-CCMP][RSN-PSK+FT/PSK-CCMP][ESS]
KcN,Asir sir cabin,outside,ground,54:07:7d:51:34:68,5180,40,-86,91.87,[WPA2-PSK+FT/PSK-CCMP][RSN-PSK+FT/PSK-CCMP][ESS]
KcN,Asir sir cabin,outside,ground,54:07:7d:50:93:28,5180,40,-88,115.66,[WPA2-PSK+FT/PSK-CCMP][RSN-PSK+FT/PSK-CCMP][ESS]
KcN,Asir sir cabin,outside,ground,54:07:7d:51:34:48,2462,20,-86,193.29,[WPA2-PSK+FT/PSK-CCMP][RSN-PSK+FT/PSK-CCMP][ESS]
KcN,Asir sir cabin,outside,ground,54:07:7d:50:6f:48,2462,20,-79,86.34,[WPA2-PSK+FT/PSK-CCMP][RSN-PSK+FT/PSK-CCMP][ESS]
KcN,Asir sir cabin,outside,ground,54:07:7d:50:e7:08,2437,20,-80,97.87,[WPA2-PSK+FT/PSK-CCMP][RSN-PSK+FT/PSK-CCMP][ESS]
KcN,Asir sir cabin,outside,ground,54:07:7d:54:c1:48,2412,20,-77,70,[WPA2-PSK+FT/PSK-CCMP][RSN-PSK+FT/PSK-CCMP][ESS]
KcN,Asir sir cabin,outside,ground,54:07:7d:50:6f:68,5745,40,-81,46.58,[WPA2-PSK+FT/PSK-CCMP][RSN-PSK+FT/PSK-CCMP][ESS]
KcN,Asir sir cabin,outside,ground,54:07:7d:54:c1:68,5260,40,-86,90.47,[WPA2-PSK+FT/PSK-CCMP][RSN-PSK+FT/PSK-CCMP][ESS]
KcN,leela cabin outside,outside,ground,54:07:7d:51:42:c8,2412,20,-90,312.7,[WPA2-PSK+FT/PSK-CCMP][RSN-PSK+FT/PSK-CCMP][ESS]
KcN,leela cabin outside,outside,ground,54:07:7d:51:34:48,2462,20,-85,172.27,[WPA2-PSK+FT/PSK-CCMP][RSN-PSK+FT/PSK-CCMP][ESS]
KcN,leela cabin outside,outside,ground,54:07:7d:51:91:48,2412,20,-94,495.59,[WPA2-PSK+FT/PSK-CCMP][RSN-PSK+FT/PSK-CCMP][ESS]
KcN,leela cabin outside,outside,ground,54:07:7d:50:6f:48,2462,20,-73,43.27,[WPA2-PSK+FT/PSK-CCMP][RSN-PSK+FT/PSK-CCMP][ESS]
KcN,leela cabin outside,outside,ground,54:07:7d:50:e7:08,2437,20,-88,245.84,[WPA2-PSK+FT/PSK-CCMP][RSN-PSK+FT/PSK-CCMP][ESS]
KcN,leela cabin outside,outside,ground,54:07:7d:54:c1:48,2412,20,-78,78.55,[WPA2-PSK+FT/PSK-CCMP][RSN-PSK+FT/PSK-CCMP][ESS]
KcN,leela cabin outside,outside,ground,54:07:7d:50:6f:68,5745,40,-86,82.83,[WPA2-PSK+FT/PSK-CCMP][RSN-PSK+FT/PSK-CCMP][ESS]
KcN,leela cabin outside,outside,ground,54:07:7d:54:c1:68,5260,40,-85,80.63,[WPA2-PSK+FT/PSK-CCMP][RSN-PSK+FT/PSK-CCMP][ESS]
KcN,leela cabin outside,outside,ground,54:07:7d:51:34:68,5180,40,-91,163.37,[WPA2-PSK+FT/PSK-CCMP][RSN-PSK+FT/PSK-CCMP][ESS]
KcN,leela cabin outside,outside,ground,54:07:7d:51:34:48,2462,20,-95,544.77,[WPA2-PSK+FT/PSK-CCMP][RSN-PSK+FT/PSK-CCMP][ESS]
KcN,leela cabin outside,outside,ground,54:07:7d:50:6f:48,2462,20,-87,216.88,[WPA2-PSK+FT/PSK-CCMP][RSN-PSK+FT/PSK-CCMP][ESS]
KcN,leela cabin outside,outside,ground,54:07:7d:54:c1:68,5260,40,-92,180.52,[WPA2-PSK+FT/PSK-CCMP][RSN-PSK+FT/PSK-CCMP][ESS]
KcN,uma mam cabin outside,center,ground,94:a6:7e:a5:46:48,2437,20,-91,347.25,[WPA2-PSK+FT/PSK-CCMP][RSN-PSK+FT/PSK-CCMP][ESS]
KcN,uma mam cabin outside,center,ground,54:07:7d:51:09:c8,2437,20,-91,347.25,[WPA2-PSK+FT/PSK-CCMP][RSN-PSK+FT/PSK-CCMP][ESS]
KcN,uma mam cabin outside,center,ground,54:07:7d:50:93:08,2412,20,-89,278.69,[WPA2-PSK+FT/PSK-CCMP][RSN-PSK+FT/PSK-CCMP][ESS]
KcN,uma mam cabin outside,center,ground,9c:c9:eb:bb:ba:88,2437,20,-91,347.25,[WPA2-PSK+FT/PSK-CCMP][RSN-PSK+FT/PSK-CCMP][ESS]
KcN,uma mam cabin outside,center,ground,54:07:7d:50:b6:28,5180,40,-82,57.97,[WPA2-PSK+FT/PSK-CCMP][RSN-PSK+FT/PSK-CCMP][ESS]
KcN,uma mam cabin outside,center,ground,54:07:7d:50:b6:08,2412,20,-84,156.72,[WPA2-PSK+FT/PSK-CCMP][RSN-PSK+FT/PSK-CCMP][ESS]
KcN,muthulakshmi mam cabin outside,outside,ground,94:a6:7e:a5:46:48,2437,20,-92,389.62,[WPA2-PSK+FT/PSK-CCMP][RSN-PSK+FT/PSK-CCMP][ESS]
KcN,muthulakshmi mam cabin outside,outside,ground,54:07:7d:40:74:88,2462,20,-77,68.58,[WPA2-PSK+FT/PSK-CCMP][RSN-PSK+FT/PSK-CCMP][ESS]
KcN,muthulakshmi mam cabin outside,outside,ground,54:07:7d:40:bf:88,2412,20,-83,139.68,[WPA2-PSK+FT/PSK-CCMP][RSN-PSK+FT/PSK-CCMP][ESS]
KcN,muthulakshmi mam cabin outside,outside,ground,54:07:7d:54:9c:08,2437,20,-96,617.51,[WPA2-PSK+FT/PSK-CCMP][RSN-PSK+FT/PSK-CCMP][ESS]
KcN,muthulakshmi mam cabin outside,outside,ground,54:07:7d:50:93:08,2412,20,-91,350.85,[WPA2-PSK+FT/PSK-CCMP][RSN-PSK+FT/PSK-CCMP][ESS]
KcN,muthulakshmi mam cabin outside,outside,ground,54:07:7d:51:91:48,2412,20,-57,7,[WPA2-PSK+FT/PSK-CCMP][RSN-PSK+FT/PSK-CCMP][ESS]
KcN,muthulakshmi mam cabin outside,outside,ground,54:07:7d:50:b6:28,5180,40,-74,23.08,[WPA2-PSK+FT/PSK-CCMP][RSN-PSK+FT/PSK-CCMP][ESS]
KcN,muthulakshmi mam cabin outside,outside,ground,54:07:7d:50:b6:08,2412,20,-66,19.73,[WPA2-PSK+FT/PSK-CCMP][RSN-PSK+FT/PSK-CCMP][ESS]
KcN,muthulakshmi mam cabin outside,outside,ground,54:07:7d:50:6f:48,2462,20,-66,19.33,[WPA2-PSK+FT/PSK-CCMP][RSN-PSK+FT/PSK-CCMP][ESS]
KcN,muthulakshmi mam cabin outside,outside,ground,54:07:7d:50:e7:08,2437,20,-83,138.24,[WPA2-PSK+FT/PSK-CCMP][RSN-PSK+FT/PSK-CCMP][ESS]
KcN,muthulakshmi mam cabin outside,outside,ground,54:07:7d:54:c1:48,2412,20,-76,62.39,[WPA2-PSK+FT/PSK-CCMP][RSN-PSK+FT/PSK-CCMP][ESS]
KcN,muthulakshmi mam cabin outside,outside,ground,54:07:7d:50:6f:68,5745,40,-74,20.81,[WPA2-PSK+FT/PSK-CCMP][RSN-PSK+FT/PSK-CCMP][ESS]
KcN,muthulakshmi mam cabin outside,outside,ground,54:07:7d:54:c1:68,5260,40,-92,180.52,[WPA2-PSK+FT/PSK-CCMP][RSN-PSK+FT/PSK-CCMP][ESS]
KcN,cloud lab outside,outside,ground,54:07:7d:40:74:88,2462,20,-77,68.58,[WPA2-PSK+FT/PSK-CCMP][RSN-PSK+FT/PSK-CCMP][ESS]
KcN,cloud lab outside,outside,ground,54:07:7d:40:c7:08,2437,20,-94,490.51,[WPA2-PSK+FT/PSK-CCMP][RSN-PSK+FT/PSK-CCMP][ESS]
KcN,cloud lab outside,outside,ground,54:07:7d:51:91:68,5180,40,-84,72.97,[WPA2-PSK+FT/PSK-CCMP][RSN-PSK+FT/PSK-CCMP][ESS]
KcN,cloud lab outside,outside,ground,54:07:7d:50:b6:28,5180,40,-66,9.19,[WPA2-PSK+FT/PSK-CCMP][RSN-PSK+FT/PSK-CCMP][ESS]
KcN,cloud lab outside,outside,ground,54:07:7d:50:b6:08,2412,20,-65,17.58,[WPA2-PSK+FT/PSK-CCMP][RSN-PSK+FT/PSK-CCMP][ESS]
KcN,cloud lab outside,outside,ground,54:07:7d:54:c1:48,2412,20,-81,110.95,[WPA2-PSK+FT/PSK-CCMP][RSN-PSK+FT/PSK-CCMP][ESS]
KcN,cloud lab outside,outside,ground,54:07:7d:50:6f:68,5745,40,-68,10.43,[WPA2-PSK+FT/PSK-CCMP][RSN-PSK+FT/PSK-CCMP][ESS]
KcN,cloud lab outside,outside,ground,54:07:7d:54:c1:68,5260,40,-87,101.51,[WPA2-PSK+FT/PSK-CCMP][RSN-PSK+FT/PSK-CCMP][ESS]
KcN,visual lab outside,outside,ground,54:07:7d:40:74:88,2462,20,-65,17.23,[WPA2-PSK+FT/PSK-CCMP][RSN-PSK+FT/PSK-CCMP][ESS]
KcN,visual lab outside,outside,ground,54:07:7d:54:e9:28,5180,40,-94,230.77,[WPA2-PSK+FT/PSK-CCMP][RSN-PSK+FT/PSK-CCMP][ESS]
KcN,visual lab outside,outside,ground,54:07:7d:51:91:48,2412,20,-66,19.73,[WPA2-PSK+FT/PSK-CCMP][RSN-PSK+FT/PSK-CCMP][ESS]
KcN,visual lab outside,outside,ground,54:07:7d:51:91:68,5180,40,-81,51.66,[WPA2-PSK+FT/PSK-CCMP][RSN-PSK+FT/PSK-CCMP][ESS]
KcN,visual lab outside,outside,ground,54:07:7d:50:b6:28,5180,40,-59,4.1,[WPA2-PSK+FT/PSK-CCMP][RSN-PSK+FT/PSK-CCMP][ESS]
KcN,visual lab outside,outside,ground,54:07:7d:3f:7e:08,2462,20,-85,172.27,[WPA2-PSK+FT/PSK-CCMP][RSN-PSK+FT/PSK-CCMP][ESS]
KcN,visual lab outside,outside,ground,54:07:7d:50:b6:08,2412,20,-54,4.96,[WPA2-PSK+FT/PSK-CCMP][RSN-PSK+FT/PSK-CCMP][ESS]
KcN,visual lab outside,outside,ground,54:07:7d:50:6f:48,2462,20,-75,54.48,[WPA2-PSK+FT/PSK-CCMP][RSN-PSK+FT/PSK-CCMP][ESS]
KcN,visual lab outside,outside,ground,54:07:7d:54:c1:48,2412,20,-90,312.7,[WPA2-PSK+FT/PSK-CCMP][RSN-PSK+FT/PSK-CCMP][ESS]
KcN,visual lab outside,outside,ground,54:07:7d:50:6f:68,5745,40,-77,29.39,[WPA2-PSK+FT/PSK-CCMP][RSN-PSK+FT/PSK-CCMP][ESS]
KcN,visual lab outside,outside,ground,54:07:7d:54:c1:68,5260,40,-86,90.47,[WPA2-PSK+FT/PSK-CCMP][RSN-PSK+FT/PSK-CCMP][ESS]
KcN,programming lab outside,outside,ground,54:07:7d:40:74:88,2462,20,-68,24.33,[WPA2-PSK+FT/PSK-CCMP][RSN-PSK+FT/PSK-CCMP][ESS]
KcN,programming lab outside,outside,ground,54:07:7d:54:9c:08,2437,20,-94,490.51,[WPA2-PSK+FT/PSK-CCMP][RSN-PSK+FT/PSK-CCMP][ESS]
KcN,programming lab outside,outside,ground,54:07:7d:54:9c:28,5180,40,-94,230.77,[WPA2-PSK+FT/PSK-CCMP][RSN-PSK+FT/PSK-CCMP][ESS]
KcN,programming lab outside,outside,ground,54:07:7d:54:e9:28,5180,40,-94,230.77,[WPA2-PSK+FT/PSK-CCMP][RSN-PSK+FT/PSK-CCMP][ESS]
KcN,programming lab outside,outside,ground,54:07:7d:40:74:a8,5280,40,-88,113.47,[WPA2-PSK+FT/PSK-CCMP][RSN-PSK+FT/PSK-CCMP][ESS]
KcN,programming lab outside,outside,ground,54:07:7d:50:75:48,2437,20,-89,275.83,[WPA2-PSK+FT/PSK-CCMP][RSN-PSK+FT/PSK-CCMP][ESS]
KcN,programming lab outside,outside,ground,54:07:7d:51:91:48,2412,20,-71,35.09,[WPA2-PSK+FT/PSK-CCMP][RSN-PSK+FT/PSK-CCMP][ESS]
KcN,programming lab outside,outside,ground,54:07:7d:51:91:68,5180,40,-79,41.04,[WPA2-PSK+FT/PSK-CCMP][RSN-PSK+FT/PSK-CCMP][ESS]
KcN,programming lab outside,outside,ground,54:07:7d:50:b6:28,5180,40,-61,5.17,[WPA2-PSK+FT/PSK-CCMP][RSN-PSK+FT/PSK-CCMP][ESS]
KcN,programming lab outside,outside,ground,54:07:7d:3f:7e:08,2462,20,-87,216.88,[WPA2-PSK+FT/PSK-CCMP][RSN-PSK+FT/PSK-CCMP][ESS]
KcN,programming lab outside,outside,ground,54:07:7d:50:b6:08,2412,20,-71,35.09,[WPA2-PSK+FT/PSK-CCMP][RSN-PSK+FT/PSK-CCMP][ESS]
KcN,programming lab outside,outside,ground,54:07:7d:50:6f:48,2462,20,-74,48.55,[WPA2-PSK+FT/PSK-CCMP][RSN-PSK+FT/PSK-CCMP][ESS]
KcN,programming lab outside,outside,ground,54:07:7d:50:6f:68,5745,40,-72,16.53,[WPA2-PSK+FT/PSK-CCMP][RSN-PSK+FT/PSK-CCMP][ESS]
KcN,cse cooler,center,ground,54:07:7d:3f:a0:e8,5180,40,-69,12.98,[WPA2-PSK+FT/PSK-CCMP][RSN-PSK+FT/PSK-CCMP][ESS]
KcN,cse cooler,center,ground,54:07:7d:40:bf:a8,5180,40,-87,103.08,[WPA2-PSK+FT/PSK-CCMP][RSN-PSK+FT/PSK-CCMP][ESS]
KcN,cse cooler,center,ground,94:a6:7e:a5:46:68,5785,40,-74,20.66,[WPA2-PSK+FT/PSK-CCMP][RSN-PSK+FT/PSK-CCMP][ESS]
KcN,cse cooler,center,ground,54:07:7d:50:bb:e8,5745,40,-80,41.52,[WPA2-PSK+FT/PSK-CCMP][RSN-PSK+FT/PSK-CCMP][ESS]
KcN,cse cooler,center,ground,54:07:7d:51:42:e8,5180,40,-89,129.77,[WPA2-PSK+FT/PSK-CCMP][RSN-PSK+FT/PSK-CCMP][ESS]
KcN,cse cooler,center,ground,54:07:7d:54:9c:28,5180,40,-80,46.04,[WPA2-PSK+FT/PSK-CCMP][RSN-PSK+FT/PSK-CCMP][ESS]
KcN,cse cooler,center,ground,54:07:7d:51:34:68,5180,40,-78,36.57,[WPA2-PSK+FT/PSK-CCMP][RSN-PSK+FT/PSK-CCMP][ESS]
KcN,cse cooler,center,ground,54:07:7d:50:e7:28,5785,40,-75,23.18,[WPA2-PSK+FT/PSK-CCMP][RSN-PSK+FT/PSK-CCMP][ESS]
KcN,cse cooler,center,ground,54:07:7d:50:6f:68,5745,40,-79,37,[WPA2-PSK+FT/PSK-CCMP][RSN-PSK+FT/PSK-CCMP][ESS]
KcN,gowsi lunch spot,near GOD office,ground floor,54:07:7d:3f:a0:c8,2412,20,-74,49.56,[WPA2-PSK+FT/PSK-CCMP][RSN-PSK+FT/PSK-CCMP][ESS]
KcN,gowsi lunch spot,near GOD office,ground floor,54:07:7d:3f:a0:e8,5180,40,-79,41.04,[WPA2-PSK+FT/PSK-CCMP][RSN-PSK+FT/PSK-CCMP][ESS]
KcN,gowsi lunch spot,near GOD office,ground floor,54:07:7d:51:09:c8,2437,20,-94,490.51,[WPA2-PSK+FT/PSK-CCMP][RSN-PSK+FT/PSK-CCMP][ESS]
KcN,gowsi lunch spot,near GOD office,ground floor,54:07:7d:50:bb:e8,5745,40,-73,18.54,[WPA2-PSK+FT/PSK-CCMP][RSN-PSK+FT/PSK-CCMP][ESS]
KcN,gowsi lunch spot,near GOD office,ground floor,54:07:7d:54:9c:08,2437,20,-47,2.19,[WPA2-PSK+FT/PSK-CCMP][RSN-PSK+FT/PSK-CCMP][ESS]
KcN,gowsi lunch spot,near GOD office,ground floor,54:07:7d:54:9c:28,5180,40,-43,0.65,[WPA2-PSK+FT/PSK-CCMP][RSN-PSK+FT/PSK-CCMP][ESS]
KcN,gowsi lunch spot,near GOD office,ground floor,54:07:7d:40:f5:48,2437,20,-78,77.74,[WPA2-PSK+FT/PSK-CCMP][RSN-PSK+FT/PSK-CCMP][ESS]
KcN,gowsi lunch spot,near GOD office,ground floor,54:07:7d:3f:be:c8,2412,20,-80,98.88,[WPA2-PSK+FT/PSK-CCMP][RSN-PSK+FT/PSK-CCMP][ESS]
KcN,gowsi lunch spot,near GOD office,ground floor,54:07:7d:40:c7:08,2437,20,-75,55.04,[WPA2-PSK+FT/PSK-CCMP][RSN-PSK+FT/PSK-CCMP][ESS]
KcN,gowsi lunch spot,near GOD office,ground floor,54:07:7d:40:9d:48,2412,20,-89,278.69,[WPA2-PSK+FT/PSK-CCMP][RSN-PSK+FT/PSK-CCMP][ESS]
KcN,gowsi lunch spot,near GOD office,ground floor,54:07:7d:50:6f:68,5745,40,-80,41.52,[WPA2-PSK+FT/PSK-CCMP][RSN-PSK+FT/PSK-CCMP][ESS]
KcN,cse Hod office outside,cse hod office,ground floor,94:a6:7e:a5:46:48,2437,20,-96,617.51,[WPA2-PSK+FT/PSK-CCMP][RSN-PSK+FT/PSK-CCMP][ESS]
KcN,cse Hod office outside,cse hod office,ground floor,54:07:7d:50:bb:c8,2462,20,-56,6.11,[WPA2-PSK+FT/PSK-CCMP][RSN-PSK+FT/PSK-CCMP][ESS]
KcN,cse Hod office outside,cse hod office,ground floor,54:07:7d:40:bf:a8,5180,40,-86,91.87,[WPA2-PSK+FT/PSK-CCMP][RSN-PSK+FT/PSK-CCMP][ESS]
KcN,cse Hod office outside,cse hod office,ground floor,54:07:7d:50:bb:e8,5745,40,-83,58.64,[WPA2-PSK+FT/PSK-CCMP][RSN-PSK+FT/PSK-CCMP][ESS]
KcN,cse Hod office outside,cse hod office,ground floor,54:07:7d:51:42:e8,5180,40,-93,205.67,[WPA2-PSK+FT/PSK-CCMP][RSN-PSK+FT/PSK-CCMP][ESS]
KcN,cse Hod office outside,cse hod office,ground floor,54:07:7d:54:9c:08,2437,20,-47,2.19,[WPA2-PSK+FT/PSK-CCMP][RSN-PSK+FT/PSK-CCMP][ESS]
KcN,cse Hod office outside,cse hod office,ground floor,54:07:7d:54:9c:28,5180,40,-34,0.23,[WPA2-PSK+FT/PSK-CCMP][RSN-PSK+FT/PSK-CCMP][ESS]
KcN,cse Hod office outside,cse hod office,ground floor,54:07:7d:51:34:68,5180,40,-82,57.97,[WPA2-PSK+FT/PSK-CCMP][RSN-PSK+FT/PSK-CCMP][ESS]
KcN,cse Hod office outside,cse hod office,ground floor,54:07:7d:50:93:28,5180,40,-93,205.67,[WPA2-PSK+FT/PSK-CCMP][RSN-PSK+FT/PSK-CCMP][ESS]
KcN,cse Hod office outside,cse hod office,ground floor,54:07:7d:51:34:48,2462,20,-78,76.95,[WPA2-PSK+FT/PSK-CCMP][RSN-PSK+FT/PSK-CCMP][ESS]
KcN,cse Hod office outside,cse hod office,ground floor,54:07:7d:51:01:48,2462,20,-92,385.67,[WPA2-PSK+FT/PSK-CCMP][RSN-PSK+FT/PSK-CCMP][ESS]
KcN,cse Hod office outside,cse hod office,ground floor,54:07:7d:54:f5:88,2462,20,-96,611.24,[WPA2-PSK+FT/PSK-CCMP][RSN-PSK+FT/PSK-CCMP][ESS]
KcN,cse Hod office outside,cse hod office,ground floor,54:07:7d:50:6f:48,2462,20,-78,76.95,[WPA2-PSK+FT/PSK-CCMP][RSN-PSK+FT/PSK-CCMP][ESS]
KcN,cse Hod office outside,cse hod office,ground floor,54:07:7d:50:e7:08,2437,20,-87,219.1,[WPA2-PSK+FT/PSK-CCMP][RSN-PSK+FT/PSK-CCMP][ESS]
KcN,cse Hod office outside,cse hod office,ground floor,54:07:7d:50:6f:68,5745,40,-82,52.26,[WPA2-PSK+FT/PSK-CCMP][RSN-PSK+FT/PSK-CCMP][ESS]
KcN,cse hod office inside,cse hod office,ground floor,54:07:7d:50:bb:c8,2462,20,-79,86.34,[WPA2-PSK+FT/PSK-CCMP][RSN-PSK+FT/PSK-CCMP][ESS]
KcN,cse hod office inside,cse hod office,ground floor,54:07:7d:50:bb:e8,5745,40,-95,233.46,[WPA2-PSK+FT/PSK-CCMP][RSN-PSK+FT/PSK-CCMP][ESS]
KcN,cse hod office inside,cse hod office,ground floor,54:07:7d:54:9c:08,2437,20,-61,10.98,[WPA2-PSK+FT/PSK-CCMP][RSN-PSK+FT/PSK-CCMP][ESS]
KcN,cse hod office inside,cse hod office,ground floor,54:07:7d:54:9c:28,5180,40,-63,6.5,[WPA2-PSK+FT/PSK-CCMP][RSN-PSK+FT/PSK-CCMP][ESS]
KcN,cse hod office inside,cse hod office,ground floor,54:07:7d:51:34:48,2462,20,-96,611.24,[WPA2-PSK+FT/PSK-CCMP][RSN-PSK+FT/PSK-CCMP][ESS]
KcN,network lab inside,network lab,ground floor,54:07:7d:50:91:c8,2412,20,-92,393.66,[WPA2-PSK+FT/PSK-CCMP][RSN-PSK+FT/PSK-CCMP][ESS]
KcN,network lab inside,network lab,ground floor,54:07:7d:51:15:88,2412,20,-82,124.49,[WPA2-PSK+FT/PSK-CCMP][RSN-PSK+FT/PSK-CCMP][ESS]
munees,network lab inside,network lab,ground floor,22:86:87:3e:b1:c8,5745,40,-94,208.07,[WPA2-PSK-CCMP][RSN-PSK-CCMP][ESS]
KcN,network lab inside,network lab,ground floor,54:07:7d:40:c7:28,5220,40,-82,57.52,[WPA2-PSK+FT/PSK-CCMP][RSN-PSK+FT/PSK-CCMP][ESS]
KcN,network lab inside,network lab,ground floor,54:07:7d:50:b5:a8,5745,40,-80,41.52,[WPA2-PSK+FT/PSK-CCMP][RSN-PSK+FT/PSK-CCMP][ESS]
KcN,network lab inside,network lab,ground floor,54:07:7d:50:b5:88,2412,20,-70,31.27,[WPA2-PSK+FT/PSK-CCMP][RSN-PSK+FT/PSK-CCMP][ESS]
KcN,network lab inside,network lab,ground floor,54:07:7d:51:7a:a8,5805,40,-59,3.66,[WPA2-PSK+FT/PSK-CCMP][RSN-PSK+FT/PSK-CCMP][ESS]
DIRECT-rNMUNEESmsEB,network lab inside,network lab,ground floor,9e:2f:9d:5e:7b:3d,5745,40,-80,41.52,[WPA2-PSK-CCMP][RSN-PSK-CCMP][ESS][WPS]
KcN,network lab inside,network lab,ground floor,54:07:7d:40:2d:88,2412,20,-86,197.3,[WPA2-PSK+FT/PSK-CCMP][RSN-PSK+FT/PSK-CCMP][ESS]
KcN,network lab outside,network lab,ground floor,54:07:7d:51:15:a8,5180,40,-91,163.37,[WPA2-PSK+FT/PSK-CCMP][RSN-PSK+FT/PSK-CCMP][ESS]
KcN,network lab outside,network lab,ground floor,54:07:7d:51:09:e8,5220,40,-94,229.0,[WPA2-PSK+FT/PSK-CCMP][RSN-PSK+FT/PSK-CCMP][ESS]
KcN,network lab outside,network lab,ground floor,54:07:7d:50:91:c8,2412,20,-88,248.38,[WPA2-PSK+FT/PSK-CCMP][RSN-PSK+FT/PSK-CCMP][ESS]
KcN,network lab outside,network lab,ground floor,54:07:7d:51:15:88,2412,20,-85,175.84,[WPA2-PSK+FT/PSK-CCMP][RSN-PSK+FT/PSK-CCMP][ESS]
KcN,network lab outside,network lab,ground floor,54:07:7d:51:7a:88,2462,20,-77,68.58,[WPA2-PSK+FT/PSK-CCMP][RSN-PSK+FT/PSK-CCMP][ESS]
KcN,network lab outside,network lab,ground floor,54:07:7d:40:f5:68,5300,40,-81,50.49,[WPA2-PSK+FT/PSK-CCMP][RSN-PSK+FT/PSK-CCMP][ESS]
KcN,network lab outside,network lab,ground floor,54:07:7d:40:c7:28,5220,40,-69,12.88,[WPA2-PSK+FT/PSK-CCMP][RSN-PSK+FT/PSK-CCMP][ESS]
KcN,network lab outside,network lab,ground floor,54:07:7d:50:b5:a8,5745,40,-71,14.73,[WPA2-PSK+FT/PSK-CCMP][RSN-PSK+FT/PSK-CCMP][ESS]
POCO M6 Pro 5G,network lab outside,network lab,ground floor,ca:ff:7d:d0:fc:64,2462,20,-78,76.95,[WPA2-PSK-CCMP][RSN-PSK-CCMP][ESS]
KcN,network lab outside,network lab,ground floor,54:07:7d:50:b5:88,2412,20,-67,22.14,[WPA2-PSK+FT/PSK-CCMP][RSN-PSK+FT/PSK-CCMP][ESS]
KcN,network lab outside,network lab,ground floor,54:07:7d:51:7a:a8,5805,40,-79,36.62,[WPA2-PSK+FT/PSK-CCMP][RSN-PSK+FT/PSK-CCMP][ESS]
AVR,network lab outside,network lab,ground floor,54:b8:0a:3a:23:70,2412,20,-74,49.56,[ESS]
KcN,mad lab inside,mad lab,ground floor,54:07:7d:51:15:a8,5180,40,-88,115.66,[WPA2-PSK+FT/PSK-CCMP][RSN-PSK+FT/PSK-CCMP][ESS]
KcN,mad lab inside,mad lab,ground floor,54:07:7d:51:09:e8,5220,40,-86,91.17,[WPA2-PSK+FT/PSK-CCMP][RSN-PSK+FT/PSK-CCMP][ESS]
KcN,mad lab inside,mad lab,ground floor,54:07:7d:50:91:c8,2412,20,-89,278.69,[WPA2-PSK+FT/PSK-CCMP][RSN-PSK+FT/PSK-CCMP][ESS]
KcN,mad lab inside,mad lab,ground floor,54:07:7d:51:15:88,2412,20,-74,49.56,[WPA2-PSK+FT/PSK-CCMP][RSN-PSK+FT/PSK-CCMP][ESS]
KcN,mad lab inside,mad lab,ground floor,54:07:7d:51:7a:88,2462,20,-45,1.72,[WPA2-PSK+FT/PSK-CCMP][RSN-PSK+FT/PSK-CCMP][ESS]
KcN,mad lab inside,mad lab,ground floor,54:07:7d:40:c7:28,5220,40,-79,40.72,[WPA2-PSK+FT/PSK-CCMP][RSN-PSK+FT/PSK-CCMP][ESS]
KcN,mad lab inside,mad lab,ground floor,54:07:7d:51:01:48,2462,20,-91,343.73,[WPA2-PSK+FT/PSK-CCMP][RSN-PSK+FT/PSK-CCMP][ESS]
KcN,mad lab inside,mad lab,ground floor,54:07:7d:50:b5:a8,5745,40,-70,13.13,[WPA2-PSK+FT/PSK-CCMP][RSN-PSK+FT/PSK-CCMP][ESS]
KcN,mad lab inside,mad lab,ground floor,54:07:7d:50:b5:88,2412,20,-68,24.84,[WPA2-PSK+FT/PSK-CCMP][RSN-PSK+FT/PSK-CCMP][ESS]
KcN,mad lab inside,mad lab,ground floor,54:07:7d:51:7a:a8,5805,40,-25,0.07,[WPA2-PSK+FT/PSK-CCMP][RSN-PSK+FT/PSK-CCMP][ESS]
KcN,mad lab inside,mad lab,ground floor,54:07:7d:40:2d:a8,5805,40,-88,103.2,[WPA2-PSK+FT/PSK-CCMP][RSN-PSK+FT/PSK-CCMP][ESS]
KcN,mad lab inside,mad lab,ground floor,54:07:7d:40:2d:88,2412,20,-73,44.17,[WPA2-PSK+FT/PSK-CCMP][RSN-PSK+FT/PSK-CCMP][ESS]
KcN,mad lab outside,mad lab,ground floor,54:07:7d:51:15:a8,5180,40,-74,23.08,[WPA2-PSK+FT/PSK-CCMP][RSN-PSK+FT/PSK-CCMP][ESS]
KcN,mad lab outside,mad lab,ground floor,54:07:7d:51:09:e8,5220,40,-74,22.9,[WPA2-PSK+FT/PSK-CCMP][RSN-PSK+FT/PSK-CCMP][ESS]
KcN,mad lab outside,mad lab,ground floor,54:07:7d:50:91:c8,2412,20,-82,124.49,[WPA2-PSK+FT/PSK-CCMP][RSN-PSK+FT/PSK-CCMP][ESS]
KcN,mad lab outside,mad lab,ground floor,54:07:7d:51:09:c8,2437,20,-66,19.53,[WPA2-PSK+FT/PSK-CCMP][RSN-PSK+FT/PSK-CCMP][ESS]
KcN,mad lab outside,mad lab,ground floor,54:07:7d:50:91:e8,5745,40,-81,46.58,[WPA2-PSK+FT/PSK-CCMP][RSN-PSK+FT/PSK-CCMP][ESS]
KcN,mad lab outside,mad lab,ground floor,54:07:7d:51:15:88,2412,20,-56,6.24,[WPA2-PSK+FT/PSK-CCMP][RSN-PSK+FT/PSK-CCMP][ESS]
KcN,mad lab outside,mad lab,ground floor,54:07:7d:51:7a:88,2462,20,-58,7.7,[WPA2-PSK+FT/PSK-CCMP][RSN-PSK+FT/PSK-CCMP][ESS]=
KcN,mad lab outside,mad lab,ground floor,54:07:7d:40:f5:68,5300,40,-85,80.02,[WPA2-PSK+FT/PSK-CCMP][RSN-PSK+FT/PSK-CCMP][ESS]
KcN,mad lab outside,mad lab,ground floor,54:07:7d:40:f5:48,2437,20,-68,24.58,[WPA2-PSK+FT/PSK-CCMP][RSN-PSK+FT/PSK-CCMP][ESS]
KcN,mad lab outside,mad lab,ground floor,54:07:7d:40:c7:08,2437,20,-68,24.58,[WPA2-PSK+FT/PSK-CCMP][RSN-PSK+FT/PSK-CCMP][ESS]
KcN,mad lab outside,mad lab,ground floor,54:07:7d:50:b5:a8,5745,40,-52,1.65,[WPA2-PSK+FT/PSK-CCMP][RSN-PSK+FT/PSK-CCMP][ESS]
KcN,mad lab outside,mad lab,ground floor,54:07:7d:51:01:68,5745,40,-88,104.28,[WPA2-PSK+FT/PSK-CCMP][RSN-PSK+FT/PSK-CCMP][ESS]
KcN,mad lab outside,mad lab,ground floor,54:07:7d:50:b5:88,2412,20,-54,4.96,[WPA2-PSK+FT/PSK-CCMP][RSN-PSK+FT/PSK-CCMP][ESS]
KcN,mad lab outside,mad lab,ground floor,54:07:7d:51:7a:a8,5805,40,-46,0.82,[WPA2-PSK+FT/PSK-CCMP][RSN-PSK+FT/PSK-CCMP][ESS]
KcN,mad lab outside,mad lab,ground floor,54:07:7d:40:2d:88,2412,20,-90,312.7,[WPA2-PSK+FT/PSK-CCMP][RSN-PSK+FT/PSK-CCMP][ESS]
KcN,IBM specialty lab,near network lab,ground floor,54:07:7d:51:15:a8,5180,40,-68,11.57,[WPA2-PSK+FT/PSK-CCMP][RSN-PSK+FT/PSK-CCMP][ESS]
KcN,IBM specialty lab,near network lab,ground floor,54:07:7d:51:09:e8,5220,40,-81,51.27,[WPA2-PSK+FT/PSK-CCMP][RSN-PSK+FT/PSK-CCMP][ESS]
KcN,IBM specialty lab,near network lab,ground floor,54:07:7d:50:91:c8,2412,20,-71,35.09,[WPA2-PSK+FT/PSK-CCMP][RSN-PSK+FT/PSK-CCMP][ESS]
KcN,IBM specialty lab,near network lab,ground floor,54:07:7d:50:91:e8,5745,40,-79,37.0,[WPA2-PSK+FT/PSK-CCMP][RSN-PSK+FT/PSK-CCMP][ESS]
KcN,IBM specialty lab,near network lab,ground floor,54:07:7d:51:15:88,2412,20,-69,27.87,[WPA2-PSK+FT/PSK-CCMP][RSN-PSK+FT/PSK-CCMP][ESS]
KcN,IBM specialty lab,near network lab,ground floor,54:07:7d:40:f5:68,5300,40,-70,14.23,[WPA2-PSK+FT/PSK-CCMP][RSN-PSK+FT/PSK-CCMP][ESS]
KcN,IBM specialty lab,near network lab,ground floor,54:07:7d:40:f5:48,2437,20,-52,3.9,[WPA2-PSK+FT/PSK-CCMP][RSN-PSK+FT/PSK-CCMP][ESS]
KcN,IBM specialty lab,near network lab,ground floor,54:07:7d:40:c7:08,2437,20,-46,1.95,[WPA2-PSK+FT/PSK-CCMP][RSN-PSK+FT/PSK-CCMP][ESS]
KcN,IBM specialty lab,near network lab,ground floor,54:07:7d:40:c7:28,5220,40,-41,0.51,[WPA2-PSK+FT/PSK-CCMP][RSN-PSK+FT/PSK-CCMP][ESS]
KcN,IBM specialty lab,near network lab,ground floor,54:07:7d:50:b5:a8,5745,40,-78,32.98,[WPA2-PSK+FT/PSK-CCMP][RSN-PSK+FT/PSK-CCMP][ESS]
KcN,IBM specialty lab,near network lab,ground floor,54:07:7d:51:01:68,5745,40,-78,32.98,[WPA2-PSK+FT/PSK-CCMP][RSN-PSK+FT/PSK-CCMP][ESS]
KcN,IBM specialty lab,near network lab,ground floor,54:07:7d:50:b5:88,2412,20,-68,24.84,[WPA2-PSK+FT/PSK-CCMP][RSN-PSK+FT/PSK-CCMP][ESS]
KcN,IBM specialty lab,near network lab,ground floor,54:07:7d:51:7a:a8,5805,40,-79,36.62,[WPA2-PSK+FT/PSK-CCMP][RSN-PSK+FT/PSK-CCMP][ESS]
KcN,IBM specialty lab,near network lab,ground floor,54:07:7d:40:2d:88,2412,20,-96,623.91,[WPA2-PSK+FT/PSK-CCMP][RSN-PSK+FT/PSK-CCMP][ESS]
KcN,gents restroom,near network lab,ground floor,54:07:7d:51:09:e8,5220,40,-88,114.77,[WPA2-PSK+FT/PSK-CCMP][RSN-PSK+FT/PSK-CCMP][ESS]
KcN,gents restroom,near network lab,ground floor,54:07:7d:50:91:c8,2412,20,-94,495.59,[WPA2-PSK+FT/PSK-CCMP][RSN-PSK+FT/PSK-CCMP][ESS]
KcN,gents restroom,near network lab,ground floor,54:07:7d:51:09:c8,2437,20,-70,30.95,[WPA2-PSK+FT/PSK-CCMP][RSN-PSK+FT/PSK-CCMP][ESS]
KcN,gents restroom,near network lab,ground floor,54:07:7d:51:15:88,2412,20,-86,197.3,[WPA2-PSK+FT/PSK-CCMP][RSN-PSK+FT/PSK-CCMP][ESS]
KcN,gents restroom,near network lab,ground floor,54:07:7d:51:7a:88,2462,20,-82,121.96,[WPA2-PSK+FT/PSK-CCMP][RSN-PSK+FT/PSK-CCMP][ESS]
KcN,gents restroom,near network lab,ground floor,54:07:7d:54:9c:08,2437,20,-96,617.51,[WPA2-PSK+FT/PSK-CCMP][RSN-PSK+FT/PSK-CCMP][ESS]
KcN,gents restroom,near network lab,ground floor,54:07:7d:40:f5:48,2437,20,-80,97.87,[WPA2-PSK+FT/PSK-CCMP][RSN-PSK+FT/PSK-CCMP][ESS]
KcN,gents restroom,near network lab,ground floor,54:07:7d:40:c7:08,2437,20,-78,77.74,[WPA2-PSK+FT/PSK-CCMP][RSN-PSK+FT/PSK-CCMP][ESS]
KcN,gents restroom,near network lab,ground floor,54:07:7d:40:c7:28,5220,40,-78,36.29,[WPA2-PSK+FT/PSK-CCMP][RSN-PSK+FT/PSK-CCMP][ESS]
KcN,gents restroom,near network lab,ground floor,54:07:7d:51:01:48,2462,20,-86,193.29,[WPA2-PSK+FT/PSK-CCMP][RSN-PSK+FT/PSK-CCMP][ESS]
KcN,gents restroom,near network lab,ground floor,54:07:7d:50:b5:a8,5745,40,-90,131.28,[WPA2-PSK+FT/PSK-CCMP][RSN-PSK+FT/PSK-CCMP][ESS]
KcN,gents restroom,near network lab,ground floor,54:07:7d:50:b5:88,2412,20,-69,27.87,[WPA2-PSK+FT/PSK-CCMP][RSN-PSK+FT/PSK-CCMP][ESS]
KcN,gents restroom,near network lab,ground floor,54:07:7d:51:7a:a8,5805,40,-91,145.78,[WPA2-PSK+FT/PSK-CCMP][RSN-PSK+FT/PSK-CCMP][ESS]
KcN,gents restroom,near network lab,ground floor,54:07:7d:40:2d:88,2412,20,-95,556.06,[WPA2-PSK+FT/PSK-CCMP][RSN-PSK+FT/PSK-CCMP][ESS]